"V1","V2","V3","V4","V5","V6","V7","V8","V9","V10"
-2.11942460583461,0.237241228415626,-1.83316856169315,-1.92424026364151,0.985899073663704,0.565262918327405,-1.6480080736218,0.195780389179001,-1.0893905584228,-0.761616985026832
-4.17995387056864,-4.10594320816403,-0.05569252444871,-2.03433234452498,-3.1840363741497,0.43728584981425,-5.35728944799449,-0.923876295257909,-3.67365182892468,-1.53126436735608
-2.14229995064618,-1.66255068657658,-1.32658928992509,-0.981394376045712,-0.588503691985715,-0.386500531934712,-1.52602463973204,-0.379234771706809,-0.914883003399911,-2.26422484154298
-2.42353222091433,1.67431396084809,1.17408182573982,2.13741242280722,-0.121871097803493,0.88537254370528,-1.62819148096448,0.343047354619611,0.938642497878789,-0.15973733305875
-2.46625312520438,-2.0099781538041,-0.22187023816151,-2.02487557805461,-0.808991991278145,-0.946232585179555,-1.25364292055673,-0.700751218498192,-1.3006187706386,-2.39042703254305
-0.048203159604665,-1.70086813812289,-0.197226697878806,0.39301462334921,0.0452078836452657,0.894630656620389,-1.64726207850272,-0.989138826482938,-0.160202371219942,-1.46384207810648
3.93459244492332,1.45558985181042,-0.563591744841813,1.46656876402919,2.24155806913405,1.29525434833155,3.18677143486608,0.231958303166778,2.71727009941902,2.00843176094433
-0.387537802520737,-1.65728151900286,1.56467016392268,0.844018627852177,-1.19073561539522,0.295958938318871,0.524373924878527,1.5241129229932,1.33372179282828,0.992599663931833
-0.693667136384695,-0.183575454434282,-0.575277923519955,-3.12770020638697,-1.32131506509819,-2.68781003979032,3.04105009643715,-0.727316764282107,-2.39113181286845,-0.0717397868106
-1.50447068455405,-1.50203546990039,0.119986908341406,0.0309460916351531,-0.570471032829215,0.398426025414185,-0.364065736463311,0.214540432190921,-0.975331992218196,-0.274564389060676
0.91407948961087,-0.0740704169541756,-1.2285366048637,1.89470763481894,0.200019888951134,0.507174735959496,0.610294062056147,0.556826070691595,1.65212724154798,0.809254529589779
1.46075661762155,-0.126032773051562,-0.136790196133537,0.878477386353745,0.286659645870181,0.367937377935079,-0.21888899911478,1.40267868911858,1.29457138727306,-0.139463841567607
0.899200382107149,-1.43493292881602,0.266535863599728,0.20849465703921,-0.301944013222022,-0.179775364595096,-0.182627685252029,0.278170960187757,0.214491474747307,0.420064924224355
-2.27615503099169,-2.04907560404392,0.166211867948654,-2.63639684963127,-2.73472632238919,-2.42482872732124,-1.9766493207326,-0.155900775932501,-1.3267209167315,-2.90393162472594
2.61963129141327,0.843312943541842,1.4476939818155,3.19846154395539,1.44133118581842,1.14510099955783,-0.903536578035134,1.37786476406755,1.87177588479163,1.16420539063412
-0.378443422399908,-0.478126462194041,0.620879004074193,0.946418719261703,0.988462758298707,0.59469411087838,0.364333417165369,2.12225948519899,1.33543917775249,1.79668333974808
-1.40677010425661,-1.45944434115261,-1.34222258591963,-0.613422427782554,0.208982803510531,-0.598538932630628,1.12490547245769,-1.67479980941295,0.0151046628542931,0.487558597097181
-3.41188795335662,-2.73523699568151,-0.749406483628014,-2.32283181191342,-2.20743866362252,-1.27366171978225,-2.30597345253996,-0.975375477484991,-1.89505958861196,-1.51991272325531
-1.2771453023918,-2.42680380554789,1.08204915756344,-0.197106007009355,-1.152209372469,0.85321720723936,-1.84916590520551,-2.12053306831451,1.03385215349599,-1.44607489335009
1.31099484446477,1.87719350995293,1.32243969075681,2.04106345682317,1.54137696943187,0.77046026833043,1.02398639415407,1.23620755543679,2.09289264352221,0.830994398363699
2.19318564897892,-1.24801207929916,0.735692259458158,1.6228912140505,0.620802524247506,-0.235618050653048,0.119885974759671,3.40698631848334,2.56528719280124,1.95894821304061
2.28048215005495,1.56172127714361,-1.25236167147609,0.134483714046765,1.52362036451001,0.448318512745395,1.73012836612053,0.444033174718184,0.611595862763794,1.93828551760943
-3.79478612818909,-3.16159995847844,0.430819532801383,-3.75732204976566,-3.414739245797,-2.13260710221755,-1.8202596745903,-0.293386268928379,-1.80708060546067,-2.86243491373295
0.224668123255291,-0.188839290577433,-1.46714474445615,0.557548658533231,0.328809798401551,-0.608585007343019,0.380557912966534,1.15331325541932,-0.79673658309204,0.593844593975246
1.44984354427338,2.09515040304561,0.220875739879233,0.453975921599198,2.15354859565519,0.485108091514519,1.05748001373046,1.88507090823617,1.20971181298865,0.17026479154633
-3.13737768557748,-2.59760325318518,-0.817845292011531,0.390430661867426,-2.28253885643134,-2.03438938866391,-3.72472181138396,-0.261589694695521,-2.4228962401066,-3.34845142282168
1.14149686243595,-0.822969256988488,-0.717390255698689,0.259775499485741,-1.15439644230405,-1.62977058193811,-0.244760971983568,-1.06709064117906,1.81847370998029,0.377998105189949
2.94089449276103,3.25018913320007,4.23400617017585,2.6377460232295,1.68772050984464,0.257653308670972,-0.0468528173919624,2.12702235093032,0.993917131654346,1.98288134734126
1.37999477904143,0.702113893393306,-0.396164864911064,1.94185536498437,0.462198089253441,1.12938720520882,2.44115211543399,1.03527761072614,0.905647032151173,1.49255148916834
2.45570389620252,2.504812100415,0.453720274773661,1.04720902092256,2.21828227725014,2.3502341789656,1.26053538500128,-0.474632283641085,1.65931070432209,2.62949398662264
-0.41500325708217,-0.706716634043969,0.900638823317534,0.0182684406259755,-0.398168580657239,-2.31126487024587,-0.126368493276246,1.3460658158152,-0.406275535214293,-0.924868803673113
6.32391672866341,2.86111706474385,4.78184137879104,4.45073743746014,1.16102724523399,2.81664868806637,0.764631834753778,5.01709858011837,4.7463342739574,4.10079059431688
-1.817734526582,-1.90205837273938,-2.85168078051963,-0.434056965093975,-0.510339831416618,-1.2243664421719,-1.21295354405117,0.713509900875125,0.239460261677933,-0.476440385199402
-1.28065710670014,0.264315429405088,-0.854189726136343,-0.786437120276954,-0.437233446170598,-1.46232396931662,-2.42300559805106,-1.46672887964578,-0.546429948726241,-1.8859436148162
0.109042508482326,-0.564933087430386,2.10430827787457,-0.0576231113127337,2.37946582733691,2.59705778054848,-0.997373430926005,0.618827360773073,0.418523328631469,0.161090174355992
-2.71852345448663,-0.165070020285377,-2.83905761440794,-2.01057478096738,-1.94990780976789,-0.897657760587096,-0.00835474629158878,-3.46613503920059,-3.0758295519556,-0.982628186397239
2.19000310164273,1.48207649250654,2.03582691423867,1.53979307819561,1.69164908752351,0.230005676954363,1.71200185453734,1.03252352281015,1.2509134594875,0.918656718209381
-0.31375987661386,-0.214700566957597,-0.17408010141521,-0.145346480391528,-0.301131667173502,1.09333165038228,0.460677709541333,0.0536138821687314,1.59104685747121,-0.525888330903373
-1.98348725531295,-2.3585477215867,1.89059684250725,-0.815038581258158,-1.12022742108818,0.189580543000411,-2.29759529175994,-0.590256417295218,-1.0421767248685,0.953246147460212
-2.31426088697482,-0.999161729566422,1.53329328457416,0.125597632190696,0.641494932025158,0.412185710723225,-1.14320256634661,1.26793129600965,0.608472011235586,-0.14594504574859
-1.35215816818284,0.185320368058411,-0.610486619033394,-1.20603444021847,-1.35016773647407,-0.902194915123901,-1.09911192584187,0.052095470014039,0.772770630813656,-0.884581225222048
0.108046014955019,-0.110252091958285,1.67824478025801,0.808640135427364,0.754624609942197,-0.306202400851437,-0.128966644901559,-0.692708007797472,1.08108324956272,-0.118005886766023
-4.02908639458199,-1.14814810900785,-2.48608361768993,-1.09479894140143,-0.972105439497028,-1.56892939470055,0.57130687553344,-3.3450183290229,-2.49859797250133,-2.16347144228344
1.12922113919687,-0.585394680582083,-0.0173808472665438,0.384866878541891,-0.790375606508806,1.36342120615961,0.297821123762724,-0.236424050934815,0.745932374816091,-0.411720437130049
1.84241865966024,0.553838564717363,-1.64176143703864,-1.16711019687969,2.86487191136902,-0.0499078288345659,1.21599837653697,2.83730548015137,0.481050591528018,0.266675728330894
-2.90374739460989,-0.908427020791558,0.844802480326099,-1.79346803661918,-1.72955147510779,-1.48064357152915,-3.12110183496665,0.328414354681892,-0.538316696518242,-1.53674851794169
0.636963711848484,1.63575089765198,0.786729889511291,2.30624332847794,-1.10501598295369,0.26359680095657,-0.58603317052297,0.69567818933598,2.51494535004761,1.2860612140286
-3.38647602525961,-1.01540474389697,-3.43823594675345,-2.99071027233118,-1.2018730982049,-0.317538628499015,0.309873058714556,-2.13795529927141,-3.34163816494538,-3.24949583509203
-0.112851681063202,0.0493988588393562,0.203251529686186,-1.26276816714883,0.413183675848482,0.844714812730853,0.213601525762927,-1.2964078089429,1.73078859379323,-0.648930942738392
0.722698866691281,-0.235835660810795,1.07715593946332,-0.107580391218241,-0.487662524786393,1.25963527155457,-0.0457470192262857,0.0694209701817586,2.13785283774103,-0.463228232813277
1.9432717915252,0.618859521517585,1.09756471428418,1.51623986814023,0.159669881509026,-0.239770989289658,0.486000750386183,2.26035851583016,0.0489326503628355,0.117816802566428
-0.282579181168095,0.133369595842453,1.26972882313694,-0.212130037045015,-0.187917543938381,0.218055134285749,1.5960295943224,-0.893076400720718,0.886999571346161,1.13588395919672
1.82709584447608,0.384450849957905,1.18993750750779,3.40002168189552,-1.4673364237699,0.20692119968924,0.0686261780358736,2.54758569977401,0.726320922512427,1.41232012814834
3.66219278603019,2.14331581662194,-2.10520932404235,2.03670161198817,0.91053224031024,1.22671614341323,2.32958430957293,0.24345452471958,1.18020945396511,2.60827806984538
-2.0232635593797,0.6307854236966,-2.30782520100488,-3.11186579099504,-0.629203350701824,-0.795724048793284,0.155086533016921,-0.386235700897316,-1.0287892969153,0.776114107391274
0.596772112264797,-0.450411810361854,0.125375996506648,0.967911443009999,0.588059368357334,-0.170198046078706,0.375168945977365,0.565041490147911,0.351935507444522,-0.702879239528488
-0.112515528909197,0.980511533777094,0.670562204625386,-0.539764599390013,0.0358631296090329,0.329042625798391,-0.915022461761412,0.400650080202913,-0.35122073514689,0.775284409572992
-0.294105432746682,-2.96482891457437,-1.32138769580398,-1.15579309968714,-0.493632957530618,0.271143625913058,-1.26212031895434,-3.38663816435473,-2.27405385751425,-0.560446674717366
1.55965445717718,-0.0413768409548982,-0.323747589851604,0.788095800503301,2.24404992261463,1.3574768619664,3.05641061976679,0.234661620144957,1.82204969314193,0.032706877595539
-0.503578246710485,-1.31913671853347,-0.136490024420968,-0.682484629857596,-0.805684476290368,-0.126650019003422,-1.14771465293728,0.342206955147737,0.319301302870339,-0.801723768444257
-0.740364907322092,0.359140443195825,-1.98726591136628,-0.637399618512826,0.959900949989043,-0.352060509811705,0.577213736415689,0.889762336743126,-1.71120646514018,-2.0453666470677
-0.252584188948872,0.935022085517936,-0.538899465355449,-0.419813692528954,0.570570008233654,1.67106443952549,0.890971334954562,0.511084317692423,0.234025878383971,1.45204096360065
3.47047958716428,2.0029455200456,-0.269479038941193,0.440389416361333,2.50982789433934,0.770207650983504,3.31705834632924,1.16676933886063,1.72095083296979,3.93726728289602
1.13077666786862,0.893196103082586,0.233841161499218,-0.0618626683553744,-0.577483718073017,-1.02011077284848,-0.228091440705923,-1.03962346755586,0.121384761710974,-0.358131776890684
-1.17803663451196,0.703787618891053,-2.60812311129708,-3.6650090368693,-0.954134200574409,-1.17833853453196,-1.02551066653027,-0.992431781200152,-1.95642250116098,0.0351127575505625
-1.37245725853229,-0.208156918978589,-0.11119073360679,-0.486979388997216,-1.25077160135874,-0.980683076410652,-1.32809263652869,-0.666724696595769,0.189718375679299,-1.23895897592819
-2.25083495056438,-1.49695192803374,0.451213598393536,1.21805879852026,-1.10054342527823,-0.417897976319563,-1.91520065349927,1.06509180310668,-0.240529581395495,-1.77948131794403
0.60617494930709,0.538120190108685,0.728367262698128,0.245138281020891,-0.535534955253268,-0.00590435301643501,-1.95870130220505,-1.71030969298297,-1.10336388364133,-2.33327477670692
1.68063024954033,0.950607411104218,1.43707907254042,0.76282539163513,-1.07853817110958,0.338438841869225,1.32175565981035,-0.215231231043451,0.355048149375545,-0.294081342074144
0.910313085452884,-0.635504787235917,0.917395030102311,-1.03172612729913,-0.0885949277026324,0.0892159004615678,0.676499478068252,-1.21472850811114,-0.79794928912344,-1.28576577336697
-2.7872575830393,-1.56827256073371,-0.696589499421098,1.0642635124037,-1.10395458083227,1.32268780303222,-0.515615612744844,1.87812428823,-1.17118575536833,-1.57000513831481
0.652290818406595,-0.185951675810962,-1.13877975203895,0.869718661887991,0.249200412206933,-0.22431481833836,-0.236484471271446,0.504475736174093,-1.42665662348471,-0.766143700762672
0.699718436351164,1.75418210684104,-0.431918547011131,-0.331501874347547,0.952500764639564,-0.950475198804528,-1.37921474250449,-0.228726026843456,-0.440334168043052,-0.981802708850916
0.385006304532842,-0.0988935478571427,-0.0283720262962722,-0.1358544752071,1.29731431843857,0.830064452622081,1.13028774868206,-0.0314920928672955,1.84268956398622,0.870224357685996
-3.41180871534021,-1.80538038042269,-1.26115325610401,-1.36758341603462,-1.84685454076655,-2.16769322187872,-3.7875003595363,0.272666309642711,-1.90978025675253,-1.93151310867343
0.722886933084509,0.863005125214913,1.31617568393721,-0.00535446430903663,-2.76866388404099,0.470075835865479,1.22715971424017,-0.524119414192232,-0.486371256324345,-0.0287466413666861
-2.35729381813555,-1.03385965770967,-0.973330345468567,0.291889139455211,-0.801385242406244,-0.235163276694769,-0.05062136922024,-1.12494489635727,-0.458284764958169,-0.348278524283727
3.14543266295416,2.0455890054822,0.700578080013948,0.721084998865427,0.842279463492734,2.27155597954735,2.59105037114559,0.541701751529416,2.62006543826375,2.11398086013586
-1.48678982232365,-1.77271793242407,-2.42619961465963,0.788572563892946,-0.248241830323127,0.385040746188717,-0.169363075875567,0.699434700242206,-0.707863742008066,0.690249753881206
2.05892393874303,1.42440369173578,0.884674437308088,0.799454442221316,1.32783677560307,0.08804344717454,1.78183719339158,0.468310483073421,0.601370784788916,2.61144755600715
-2.08255517798913,-2.13350408162031,-2.192845392007,-1.69423845059869,-3.03555710390498,-1.58283104331563,0.60333562422688,-3.17374253855059,-1.92051932728524,-1.91203211071951
-1.74259521947914,-1.60242460481741,-2.93752624404727,-2.67251712982406,0.18676734884275,-3.58976112697955,0.0991543960417087,-2.57976764313616,-2.2514063842891,-0.843884958021665
-5.46288965646423,-2.32875740717611,-0.949383704580228,-3.65205375822786,-0.52441045898036,-2.03688999442498,0.563415326316248,-3.70120933923983,-3.08142553949343,-2.22645887525046
-6.08605400334665,-2.17591725333492,-5.27347307700246,-5.74412950891886,-1.74427511252808,-0.669587876217608,-0.495912918409534,-4.33880055023331,-3.45718375766318,-3.1303803581121
-1.46156418261059,-2.12402905435662,-0.973033793465417,0.140673349108343,-2.29586309473571,-1.33217165902025,-1.70625189510921,-0.404042731476727,-1.73954710909093,-1.34221219931309
-0.888000355601195,1.44142462568734,0.218180462707957,0.00799593391295939,-1.62426854735357,0.0288784377122105,-1.65502467342325,0.0724814672825505,-1.36954837782126,-0.609584010124889
-1.41345372026227,-0.778586602398401,-2.49510903353083,-1.11981391640573,-0.851368064421758,0.0473037986554675,1.2014411552042,-4.00674742459042,-1.91337467069441,0.508420527163919
-3.65871093952397,-2.1838365957556,0.847092190330233,-0.931803063222953,-3.7158208842825,-0.285006353631594,-3.11151212672755,-1.22704736848793,-1.52505686168718,-2.25041926391153
-1.30852338956316,-1.93936859899491,0.200546148082736,0.024722466759902,-0.176219513440728,0.332725846242225,-1.62254670046626,-0.0134367738409488,-0.665694961088946,-0.904047626785653
-0.382904788247674,-0.372973134357362,-0.454904525823169,-0.906732528001392,0.0761686262544397,-0.461629107943317,-2.04381138667919,-1.23653841307445,0.264679941332192,-0.735261275982587
-1.31930545647242,1.0426017281355,-0.912173808768176,-0.604257890431882,-0.822734306468095,-0.0845168775962116,-0.750922293248477,-0.630085514989296,-0.316895967185357,2.30453968168269
0.835288902826685,1.12657062486541,0.145142966807145,1.27848543414203,1.05613839713888,-0.148618591267692,0.181646348035186,-0.238699278970663,0.987921130382403,1.43063384574421
1.01810251565862,1.61957095746426,-1.38644418109699,1.73753558032755,0.943507895114912,-0.150286684436392,1.28919350771997,-0.127299851877823,0.882673755812843,0.140397927932965
-1.79761489888466,-0.788233312441668,-2.88711190953246,-0.619341885073653,0.46499386780715,-0.704387229791046,-1.01350557927376,0.256059376927097,-1.5232592578301,-2.49186675121703
0.881203563609104,0.695145929719003,0.519437401743272,0.458109711966119,1.32461142857703,-0.253974495763976,0.568367828885392,0.239305280387606,1.34113895765214,-0.0662101724492346
3.80251175656019,2.94958681734827,0.113428613389264,3.11355434409164,2.61924028253423,1.24343094206875,4.02256135912437,1.4349213665158,2.31222679911579,4.40080199733844
2.55747614259621,1.43843411263935,-0.323289751023842,0.589597794159752,0.672884424878411,1.5010822497082,-0.437366580291532,0.690253373786468,0.0724258458094206,-0.331329161404027
0.388009055949993,-0.43233616093257,0.68926956903348,-0.412003003744714,1.07760975765295,0.5002632050763,1.51823555541922,0.949216279146294,0.148702828659773,1.12975686873395
-0.456287853966423,-0.0166205841044622,0.444948868434191,-1.8713682827709,1.77521048884521,0.447545426917781,0.382774180266638,-0.128939051333266,0.556530656678617,-0.925328749671821
1.22473372824541,1.42038007806898,-0.889060270191374,0.086187006600546,1.22089174489197,-0.234293409160736,1.75972771907637,-0.807062340877418,1.51150242350393,-1.0408444182778
1.38892121930852,-0.714495693392092,1.18349856611926,0.527442571928974,0.627437545871948,0.978994945969741,0.811402846509538,0.544017110641656,1.88343868089947,1.0728963991948
-0.599491426918494,-1.53834650684058,-1.26774597911343,-1.24728844800271,-1.34973276940771,-1.11560887748492,-2.70380052131229,-1.27726735831156,-1.7670731800212,-0.629942704211332
-2.83894062467129,-1.68953369031319,-1.28418148734243,-2.3086244250776,-2.20476800970937,-1.50908436102882,-1.57764064296571,-1.46547046115673,-1.89536273835385,-2.1616117558719
-1.49802978770891,0.0165457358195309,0.626291664897391,-1.04727672811279,0.55758131682048,-1.10642635787241,-0.674932480903071,-0.812742762032226,-0.276682900199476,0.233545958256744
-1.05733407330934,-0.525460327771273,-0.88984725789885,-1.20252726409368,0.205748401641659,-0.804990901682287,-0.678557247364519,0.0213651355394771,-0.424006016361096,-1.20750680648133
-0.325458881900968,0.194118148584162,1.18256687164789,1.15582526968311,0.555178628012802,-0.351698341259589,0.835359948542524,-0.742898204455874,0.00748294321482296,-0.156629629695495
-6.02958961862019,-4.85461857554261,0.679753446500182,-3.89008530106506,-4.09466244267885,-2.62701346976042,-6.00594443909407,-0.778085242243256,-3.18508006411525,-5.07961982252087
-1.39479876842061,-0.366402144052476,-0.807571342346996,-0.366205591758962,0.0428748598637673,-2.39079690919003,0.43839664241381,-0.133052212893427,0.928520900337725,-0.175559669967973
0.640429221848016,0.35270908709457,2.83850463313233,2.58944780822163,1.19726790200568,1.3918806745165,-1.49468704601445,2.2944078844181,1.67030768904499,1.23111597981144
2.51975788903843,0.143976581897877,0.193378194240227,0.602240660932583,2.51123333361799,0.322583840367084,0.737463869166135,2.3780816159041,0.767495317346704,0.445501687333518
0.98480206472227,0.873730483759364,0.492212792730175,0.828336019579624,2.14681058227351,-0.224779637544334,0.248748957961091,-0.669967622673866,0.046588820916206,1.04649540692054
-0.724472998662133,-1.03276223426562,-0.661519555985054,-3.48841904557266,-0.451544936587698,0.679261546143874,1.0081072176303,-0.481053157671982,-1.6766686065648,-0.550809555050654
-0.426324753935294,0.349592463912952,0.73569001552289,-0.934855534930289,-0.841708870964551,-0.133675488794076,1.92240888285089,-1.5330280246862,-0.787875527025444,-0.331572063837947
-2.34411340814202,-1.60920179677238,0.0598460404556441,0.0314832924186268,-2.51479085785008,-1.23465199104845,-1.31590669211915,0.433689674638056,0.338432519244602,-1.55047918941346
-3.2539863092353,-1.80509402017976,-3.84305437593185,-5.12739427740115,-0.792502641447864,-1.17490396286667,-1.86135610827412,-2.01575579806656,-1.08067833546713,-2.06162813747863
2.40435331438863,0.898769298130024,1.77972597081069,1.65352543153628,1.14098562606266,1.7434677154517,-0.518735465963628,2.78684128013671,2.4931373533121,0.932057422205841
-1.79889667804567,-1.07996537352182,-1.87581594806816,0.193912200315025,-1.07509372752949,1.28133382673459,-0.0168433077355295,-1.61609839070949,-0.217600461204689,-1.76226072605829
1.57065104360981,1.06498220597672,-0.526050800031227,2.27696738962279,1.40819625618218,-0.0839727881240825,2.73571130476172,0.217605097022235,2.43549368145459,2.03681353514168
-4.7385240571285,-3.36657646469903,-0.273894801752984,-2.05042700479584,-2.92124649503336,-1.4021633766272,-4.6225816035253,0.276776372982255,-1.19155735069171,-2.37011773097905
-2.02445723585217,-1.47624663564352,-0.164355303157544,-2.53680966155308,-0.326807569402939,-0.988129550655814,-0.0267707827416247,-2.19655138553014,-1.25705364396795,-2.63757720200456
-0.978547030413764,-0.0119751982859222,-1.10283692253624,-0.981035730628974,-0.339644000473117,-0.43876585913063,0.894312205089412,-0.790258389111857,-1.80481021402806,-0.911486094716189
-0.015082618483391,0.489142420190617,-0.313126957027659,-1.97361905906369,-1.1872807971836,0.219659564315134,-0.313557675613937,0.187599851412242,0.697341008443458,-0.0551833402578345
2.58579935504504,0.252968336727333,-0.227994236212009,1.33274548702598,1.27714323155587,-0.0387793033621615,0.634634891484872,-0.494575900761228,2.27004517878825,1.4884100958634
-1.54030276108077,-2.00601514441835,-2.95894199792476,-3.74679882307379,-1.56955522789537,-3.10776635616986,0.428863670967952,-0.598626858480181,-0.537050136045166,0.0327248793354682
-1.82759851596633,-0.661285716720629,-0.477321413069823,-0.402325989759163,-0.963104509593265,-1.09150603910175,-0.618446006181254,0.153987094446281,-1.47339326493025,-1.69020782004695
1.11360209487876,2.78314703397293,0.933079251918115,0.212356251996829,1.81441753663484,1.81456978112746,2.62363223821521,1.51101981094612,1.17178084704085,-0.235509281387848
-3.47463219952343,-1.02672275054824,-3.98044532748965,-3.72956002735098,-1.55283319002692,-2.73389749404509,0.368670231694348,-2.04987417792468,-3.31260204804489,-2.4546753366738
-1.39573587712462,-2.33711173756668,-1.82089969311149,-2.36370766659836,-0.924563733920703,-1.21954896529983,0.261851952668306,-0.468667069264119,-2.29192560250171,-1.2124220593282
-1.25349043217127,-1.14211378636498,0.0108882133916013,-0.511828573045852,-2.39463606291895,-0.445514772132472,-0.707515646559362,-0.271951384675698,-0.632896991166739,-2.09493075666191
-0.533564003305712,0.265116313422297,0.0899436700640634,0.143682901292213,0.596786807087032,-0.833965683391439,-1.18339470524889,1.02782816235468,0.167274603329521,0.93103261914682
-1.03606983101898,0.195622825326005,-0.816127144223874,1.11040941653118,-0.272747808403839,-0.588899703941871,1.87346437788298,0.898379487407976,-0.757421208049001,0.00935750316241457
4.09151240111463,0.921271816728257,2.79315771769041,3.41961299613003,-0.336346178256536,1.70144218881954,0.500401985808239,2.66724466162877,1.40957450323012,0.925763326253472
1.43932848287653,1.98509253809326,0.772402034168407,-0.0577044780476259,0.60212897294233,-1.56894454045238,-2.14563109452682,1.25228441519379,1.60669406171484,1.00626747508629
2.76093797195956,1.23751542356488,-0.219539622814397,0.259457873083046,1.73512040261209,-0.291671007411433,3.08968185456311,0.826620759421474,1.02853108917257,2.27822169733284
1.02363769382022,-0.986667332415152,-1.56878795855413,0.399822834039523,1.65152791754703,2.0704020773887,-0.338075221673338,0.323517421046261,1.07601250712251,1.23474342663598
-1.27411995532316,0.361088997075672,-2.23478869964723,-1.30132273760174,0.122954578061033,0.244162305479883,-1.63229803588365,-2.41645446301288,-1.39297967788096,-1.19138562842638
1.5685547694775,1.39252186878592,-0.0619365789763208,1.2040932397547,-0.226455603556827,0.747608683409969,1.65105847471249,2.01021533024206,1.49014032537818,1.40084563620159
3.14523258860204,-0.163737719943779,1.29875275699502,-0.858766030631515,-0.160499170263446,2.13772895565041,-1.90494642875609,0.17973002388044,0.355227705073151,0.0817332182769309
-3.46571260846654,-1.24281617432091,-0.343122429782173,-0.939530197990577,-1.30997553380632,-0.261279231677165,-1.29670244394093,-0.827686289866496,0.535082382158187,-0.307953949060058
-1.88692553980876,-1.06084999543824,0.120623039265493,-1.56718213935896,-1.83703025661096,-1.29353335701129,-1.42073102729074,1.90846180418535,-2.03679421663047,-1.27193413534576
-6.37265713598409,-3.86699254679054,0.180472650213641,-4.57427544577619,-5.77951727943706,-2.16942169760933,-6.50200634756793,-1.78855478355899,-2.650009075123,-4.78377144738785
1.75137748401015,0.898943957627299,0.247813447593948,1.28370870909858,1.75795053737044,1.10372692707204,1.12426029468431,0.520185142848321,1.11660503482361,1.47428775107385
2.03414391132598,1.67173481510698,2.2046158481918,0.437760266269264,0.664685139059579,0.47768421036908,0.476268298258857,0.653269010468137,1.33305748425861,0.724133909089113
-0.25088386368399,0.178943842000875,0.00524294036725423,0.47596579378326,1.06801383847173,0.735503600804057,-0.849777334891468,-0.608281883269366,-0.12807154494286,0.789471107399718
-1.55816089876563,1.55358135172133,-2.5519991346355,-2.38574953963768,-1.21378220970821,-1.47137658489243,0.670413577543586,-3.46240864833936,-0.763113674543887,-0.568532182609886
0.587315027201885,0.637194093723987,-0.813429559404582,1.68964868784396,1.50052627998357,-0.877400644425515,1.51027753332057,0.892928112388309,-0.595308194583098,1.65038815893765
0.367550695286408,-0.510806667928346,3.31751992271973,0.222533194729649,0.0970132659842858,1.09310419958664,1.9262378189787,1.4825009642887,1.15185531574784,1.87736176634689
-0.0577198088271693,3.10381091068292,-1.59615183229492,-0.607541476447681,-0.760280459908066,2.08023338339033,-0.907252312055988,-0.61176099960405,-0.100977287093974,1.71460719051137
-2.1401547537475,-0.429459379806064,-1.00293736536426,0.44098852560727,1.02415833170869,1.4135915683989,-1.2896365576789,-1.34763135160566,-1.29793358832701,-0.973211797747791
-2.49576584543619,-1.53129861462198,-1.18070268601789,-2.16282825308645,-0.61097508504278,-1.16262308925708,-1.03865791667037,-3.22536301867098,-3.70399214385809,0.0894870647336314
0.944216095011755,-1.83165033821775,1.22663868215525,1.2496318950949,1.43592167220823,0.987676257469798,1.05266632558988,1.11523136806773,0.73663942112909,1.83515702936018
-0.691364144859755,-2.02536680806648,-3.55027679686888,-3.63135601394938,-1.9651437670456,-0.683009976039275,0.222748925183938,-4.11672396574225,-2.07805748895969,-2.05499320921912
-0.968525972982688,1.35694581392138,-1.6336267417148,-2.31070443754218,-1.66891112226738,0.375491289928821,-1.05791116948867,-0.118691260409856,0.51332013681064,-2.45375885641394
2.36435173930992,2.03782921558105,0.582281959618513,0.355964716744327,1.47511909694319,1.07270396207654,2.8457809955341,0.590604926253222,1.19711018699177,2.39797018345658
-1.9639111310395,-1.26144991509213,-0.518232547025871,-1.69298797305771,-1.62319708297794,0.0733846875286315,-0.41362344279331,-1.27649117769763,-3.58044630742106,-1.39612237516153
1.51781771175145,2.32990838214276,0.894301833717255,0.455161664430009,1.03525329766705,0.121056492325692,2.85275921028054,-0.816719908110872,1.83662563126394,1.33275738937307
0.291309263331519,-0.935830091586825,-0.0544683395197587,-1.33279444699104,-1.49617334283151,-1.49386269207258,1.85031772583459,-0.523203970731459,-2.67012297081726,-1.72046852177667
0.57554713095392,-0.706086649721984,1.31656717281137,1.86035833104713,-0.466287723944273,0.797906543772857,1.52772447142299,-0.954064929588063,2.44929917093292,0.167866314573332
0.864046138918878,-0.573255365157475,0.884393428921176,-1.2968970895322,-0.741311273297173,-0.41498045330904,0.338323032136821,0.148747883358807,0.277898811836781,0.155576510785127
-2.86203307133545,-0.917557602093614,-0.361692253331597,-1.42019277414716,0.598506552337235,-0.113506799812018,-0.649900106640008,0.470817062349499,-1.00424926916735,-1.914771884775
-0.178700806936408,0.2339827970889,2.76941607515073,0.389286886735119,0.64390699458406,-1.16504568573458,0.159587043292969,-0.822205850140069,0.401670788974521,-0.594135571401938
2.03574939743567,-0.554618541988328,0.0998646620478519,-0.577826528632156,-0.161439358699914,1.07041621276891,0.158327947996187,-0.62285401413621,0.559206306968507,-0.520375800151219
-0.514689576036315,-1.57932837391634,0.565647125151265,0.440106663610054,-1.09229121709783,-0.770307948871852,-0.2366327680397,0.505484409318236,-2.15130310330367,-0.465135284679788
0.678543054715286,0.463488536222001,0.255587632808763,0.319682656686532,0.635272189665839,0.493424152265949,0.948697849930676,-0.91299463863156,1.65420212279667,1.37743018733014
5.57845194082178,1.92905223754356,3.87509381534644,3.45038770178475,0.933849370316868,0.840628796669629,-0.380017692037874,4.53133944767618,3.89083705611297,2.07657548010828
5.87359813686182,2.57675988672428,-0.212979888647848,2.3481357661049,5.14494895694212,2.95925509826246,5.0320322000868,0.113258194280984,4.19214223069392,5.07542695243919
-1.01044621345846,-0.0149642229366968,0.506694719975897,0.156135661591524,0.499922443195335,0.851466659530533,-0.549220142399939,-0.922426568616869,0.362119990231153,0.281414970217411
0.917261279706583,-0.272270251372531,0.522870812721703,-2.21993373792547,-0.697476698039514,0.799137647303706,-2.03083883182313,-0.539204628561612,-0.992206981330426,-0.659767332079875
0.308640113995809,-0.86629069812121,2.33122853359616,1.89210295710579,1.19107915444797,0.312660269142459,1.45341418190819,3.34013945475555,2.93427161701924,1.00551091589685
0.33268503427052,-0.557673231469847,0.187481712450849,0.286887307612625,0.519346398692488,-1.19034394030743,0.400398959695593,1.75134052912812,-0.32740865632178,-0.950222817706358
-4.48306098285776,-1.92519780300365,-1.72626273221481,-1.98429603743871,-0.438428077664559,-1.27559037175777,-0.562742571393912,-2.02133773207186,-1.48951355856918,-2.11367925336538
0.123111759554333,0.908425567008986,-0.676887901086785,-0.62405831647026,0.734177832890509,1.02063603558188,1.22353453326452,0.464647184061464,0.514919601803289,-0.667095225300653
1.6115823636361,2.4504808437045,2.04362459616579,2.3529818596377,2.84370689215223,0.638940042854626,-0.174429857755954,0.454796411357097,2.06883611362753,1.41505400514263
-1.56794652080994,-1.61113885534422,-0.708607196999135,-0.418149510548543,0.08001467601116,-1.0280747226072,-0.261905941492041,0.550261176539253,-1.54097721026547,-1.32669795913932
1.45905679121459,-0.418641327464852,0.133091926279707,1.39865804532053,0.793749997324931,0.515143866354329,-0.0765543194204206,-0.000468692357082273,0.831165730353158,0.215093138883471
0.106243487806583,-1.27299689862414,-1.47260537843738,-0.476040091673282,-0.25520767493704,-0.300144818717059,-0.292290832204247,-1.19728985869788,0.341006435073552,1.32557256514695
-1.20072385999293,-3.29664259030531,-2.77147373114677,-1.71649168111421,-0.439026317238162,-0.761218138525359,-0.273187859644439,-3.55152008061729,-1.26617091925561,-3.35420115102778
-0.434972436541636,-1.19297047013001,-0.133380691047448,-0.472316114579325,-1.32540947701932,-0.33210998633995,-1.14771640944653,0.426903381954053,-0.940163967599386,-1.55850449619022
0.363368442172511,-0.609054717867537,0.357915693375287,-0.328285088988569,0.447737733979004,-1.46935881765472,-0.158003491541887,-0.348639307864807,0.518587795471416,0.0505851108891228
-2.20421974718342,-1.30865951772349,-1.35026725594433,-0.70843879165373,-2.11141673457048,-1.04073362264782,-2.30434450219688,-1.38941950000775,-1.57963003037996,-1.56437943891096
2.15346408646033,0.27159370413657,0.645928187177816,1.69245304551305,-0.0569243721049317,-0.656409034043179,-0.56082383564674,0.243128756270725,-0.907882292176798,-0.375014034480303
6.12177040328722,2.74949872984504,5.23621112218461,5.83213833470655,1.49552187798056,1.94309899438313,0.061243597637773,4.77985555544877,4.67949057365221,3.04852416086655
-6.82169673104491,-2.61119582294035,-3.81728275853872,-5.31513913005182,-3.81511026890882,-3.39938410035079,-0.27967488194471,-5.40445402412842,-5.38140833492426,-3.89959145262837
4.01188033614312,2.23185350452941,4.9681429099799,5.03276795600257,-0.704383229898344,1.69906836283595,0.762822522729028,5.17478426103732,4.09311453149675,2.19812226529476
4.38934253144823,1.46396598306117,4.45205063269633,2.6459494441974,0.951130544634912,-0.139254307311604,-1.41329311335735,0.682070479999853,1.94676211899651,1.58696152348941
1.27268882839992,-0.492516178079281,-0.147000693841832,-0.809085503998542,0.953248756315708,0.266273057168341,-0.378128467627538,-0.900655548017,1.66548130418853,0.603837620970223
-0.399808474851105,-1.64791993375255,-1.06232147682013,-2.41133809154117,0.318522119077023,-0.514902442261819,-1.06127562123182,-1.4465910800685,-3.15455728786014,-1.17375056061082
-1.14572700351899,-1.48864948112635,0.154095700408758,-1.82350208502166,-1.57836722040376,-1.25886812366944,-2.42775118552001,-0.373793699193512,-1.15228738359021,-3.16972414744282
-0.609664629194732,-0.767737605255043,-0.674958417167889,-0.449914637605404,0.0137113626721714,-1.05261259577948,0.545368119633738,-0.242265117211804,-0.331773944915971,0.751219989134069
-0.50256741562164,0.536132805978809,-0.86739994491124,0.013876764214967,-0.536782252889215,0.092718870046918,-1.07350481350983,-0.14852317001474,-0.853013956722202,-0.839541150795319
0.0310798197666264,-0.752182942935426,1.74386570797703,0.703648946555783,-1.54247451866816,0.486620478164729,-0.129901669895629,-1.40932410122221,0.0557494990673548,-0.637221145946393
-1.69957914094727,-0.562965527002522,-1.24551135347595,-0.0350459005422282,-0.923919510906072,-0.396756513967345,-0.0176783463583667,-0.100549110411761,-0.145168071081213,0.0191479181932466
0.891203635866885,-0.579979803841455,0.196624467364283,1.58919162768444,1.0287835732553,1.81811061943532,-0.197344652651992,1.91956129548558,2.39250772684334,0.187187646978381
0.940440977091505,-0.107898161829973,0.617060105398674,1.85145931000504,2.13106910121073,-0.48295364375631,-0.0790182560183073,0.333782068211826,1.26203568714544,-0.991852672501097
-2.86501759161604,-2.1137099762731,-0.509538747449353,-1.41911720017687,-1.812825851893,-1.24543347967416,-2.47116841495311,-1.72610279141457,-0.787500206508134,-1.23051893208304
0.955675455464992,0.920837781603274,1.0181589848327,-0.618528467411986,0.302773886819178,1.79138538577151,0.512393022074939,1.03859168111463,0.113306504003592,2.92337764746211
2.78853974803614,1.73811418434149,3.45162301264355,-0.0263233384000925,1.15460647768366,0.290082155881481,0.755213721061898,3.38069929992809,2.00730248915022,-0.147781172389462
0.592986603453264,0.280143702227239,0.464395190228938,0.819992018363096,1.88624733512106,0.516838581732072,-0.867985880632495,0.524456910837616,0.465217002258806,1.17508648815011
1.7011050450935,-0.363402328798846,2.18787998102544,2.32854086340452,0.255384329820662,-0.855599523265243,1.14077601555686,1.66576863543443,1.85620740841507,1.75085737288738
-0.235693313588042,-0.364320733131816,0.772866339703147,-0.192189622267485,-0.475089032842339,0.701153946478102,0.172425045096482,1.27482599389083,1.06488606660189,0.069754726730036
-3.15655303179369,-0.403037977706467,-1.62619130974569,-2.62997386434711,-1.90809903959104,-2.0649941850807,-1.12235610990543,-1.33862309163639,-0.614187679680223,-1.0812536776533
1.99676101212511,0.760620747088092,0.769981197884553,1.37445959222446,1.57582237688779,0.107263882712366,1.94536038610832,-0.0676549086116749,0.558243610309152,0.465373569652167
1.94756364045915,2.35062658490861,-1.5346718789439,2.03553635439161,1.36387855342596,-0.771011148037332,2.33179951846374,1.24115660606461,0.74208193635241,0.592912175325763
-1.41844458924426,-0.448542138440122,-1.52615480242834,-0.841075609557467,-2.79465428770348,0.831510579626467,-0.841603042981496,-1.49208431802401,-1.31688509294366,0.332642927386515
2.15335486169007,2.12648581337536,0.130434199247331,2.03136901059652,2.97143265642673,2.47958162915093,2.32187213801519,0.340499794955333,0.692457283483361,1.41115123235749
-0.756412441349078,0.0356634553755458,0.795297661341982,0.351151084501842,-0.602479990116648,-0.54593894870978,-0.648380009797547,0.0504512926980923,0.511314745341622,0.359103102220141
2.43862459934323,1.26202633742701,1.42808678586632,2.11676615694321,1.90893127359306,0.994800140855913,2.2423697107755,1.40415014117848,2.40503882966972,3.03704257605286
-1.47787640496716,-1.28524790840045,-2.62553414184406,0.401585639992186,-0.458425939187539,-1.51815345356425,0.628575847633767,-2.15505988804684,-0.0695288472929093,-0.118200440561171
2.12546960806917,1.29729329967218,2.4205175149787,0.477391155019861,1.17644026123656,-0.454700166116774,0.307700853041765,1.56022646374472,3.88743751299155,0.337294531595272
-2.21677647646785,-1.40865730587265,-0.103902721366773,-1.09607438627112,-2.02274459159759,-1.3414964654234,-1.51904891955892,-1.05709990192298,-1.75268797495781,-2.7683910992445
-0.46128582651725,-0.515368024280244,1.04819849858645,-0.559259081474581,0.0339430699295907,0.360016590582583,0.0109762971840803,-0.00226154586771333,0.404315822863784,-0.387294648651713
-0.88472867387135,-1.14275493126916,0.982857539792458,-1.56691782230053,-0.836123321276904,-3.66573707555405,1.5356198214044,-0.0818923311166522,-1.22003207234933,-0.83667162231087
-2.63473314255594,-1.9181124473675,0.543268965994452,-1.89173327206571,-2.14947210162878,-1.93683542735567,-3.8881777900512,-0.386203435207679,-1.72480688221023,-1.94255694677754
-3.40564887358685,-1.32336274799921,0.100387814203238,-1.81325788650806,-1.04715049987483,-1.48419437374194,-1.43956625112198,-1.60185331529403,-0.620811878433266,-0.344305519223884
-0.975610049413208,-0.724465676612219,0.858172920626732,-1.73334288361577,-1.28644509332174,0.220675172351217,-0.321301824813455,-0.155205812330484,-0.848528749349556,2.03170644458336
4.28534637237951,0.215293083802103,3.28307689311281,2.69508960809421,-0.366264407795532,0.532041151152515,-0.470455326817548,0.233760147126793,3.34925594510023,0.926079510443404
2.15212251714449,0.022715688863242,0.722951768450183,-0.423614344307121,-0.00530782994493717,-0.338175271323408,-0.848485808761298,-1.40843301182736,-0.540195911100791,-0.123741968897451
2.73120051284872,0.268675432417246,-0.13450923166899,1.12304630280164,1.38412993238679,1.2755758086509,2.29263200371768,-0.243862515379145,1.52667208943026,0.54716503513955
3.63172966140208,3.31657883739979,-0.836233413148741,1.66565754062425,2.10249197976753,0.189286316836258,3.09603311517126,-0.881907311468494,1.7120763259405,1.23649603822752
-1.74253487527062,-0.683439912041188,-1.58057995049851,-1.40946764218472,-1.11241943603081,1.51166985296108,1.06935968644468,-0.883613895438362,-1.20464062110508,-1.98398719401086
0.430272933367921,1.17045800504282,0.784441104529943,0.0499512707101308,-1.13174583416876,0.920470303290206,-1.551345090973,-0.492655357276882,1.25363989949573,-2.12196785109295
0.106006393108041,0.239694116650752,0.437600577298485,0.592715442094925,1.26395331151107,1.4744495565723,-0.254242273206611,-0.685367356068331,0.405586834611676,1.04260216946957
0.654861881742382,0.0044163193513965,-0.787143430335132,-1.07785677639853,0.654280437230873,0.530560620395495,-0.863336654224822,0.059849374419951,-0.717157508551854,-0.532709195799859
0.311676443579222,0.89097700006339,2.00223140732756,2.19479269093719,1.27180441229868,-1.0415062317493,-0.398348008817455,0.246068181993835,1.54644863360513,1.67755311974389
-0.578916372782172,-1.34620915368046,0.479818209167551,-1.87662989521825,-1.95196660276234,0.465754248992964,-2.93846325387851,0.332844009303747,-0.659976594727748,-0.819896370775855
-4.32733908616028,-0.683080365736686,0.562294078276155,-0.873798319929838,-1.05107792749138,-0.391104892869634,-1.30798536579102,-0.250842620532569,-0.724979041395815,-0.43772025601331
-1.3575698179229,-0.0440199021590649,-3.32520160326478,-1.59041608315259,-1.26169836959809,-1.90449322936764,0.338883614619799,-0.635848426622465,-1.48485241995318,-0.486841014863542
-0.316158729975391,-1.76857834123456,-0.00907671239875435,-1.84315019536005,-1.31916521784183,0.385472997112312,-0.627071093559482,-0.98608815771822,0.112352128382321,1.17753238595389
-3.18029560061361,-1.74904907669916,0.12352636002372,-1.57752028732756,-2.11069967759306,-1.33546245475735,-2.16620867025462,-1.20422721591492,-1.67574003701873,-1.92169716255277
-0.580664484572839,-0.219516511398049,-0.292105938579567,-0.498769530754328,-0.478485292076246,-1.30552740459158,0.869661311430451,-0.652638211257735,-0.352562410199825,-1.05919015622167
-0.511865995828751,-1.70912984697284,0.91162286670117,-2.18030701312984,0.138863235942069,0.101761094599967,1.42284037834653,0.900243342499072,0.413771927243163,0.464276200140078
-5.54739225153187,-2.21009172540799,-3.28018717416281,-4.26980701260439,-2.37324958011737,-2.94895423646263,0.0829361278908286,-3.26522230531812,-3.3160653877927,-3.16665925331976
-2.09278434946372,-0.366427458517022,-1.02515342870709,-3.87321601639867,-0.021596510875364,-1.55029762872573,1.56232357225349,-3.21268583349744,-1.48346668084498,-3.43131773493474
2.41871316224393,0.621518422747985,1.98153684972326,1.67099158735239,1.80755691446581,0.764540083799812,3.29421005240472,1.24281356921727,2.17031132626318,1.64030309371472
2.32266125683374,1.20340892232631,3.75782988581755,3.64910663097632,1.19846230522696,0.427669523868519,-1.76127488502467,4.26803998256818,3.27368149418225,2.38169667690102
-4.25633471524892,-1.59297733401234,-2.17252362904481,-1.89777621576056,-0.925310412118085,-1.77083905656983,1.79948679999321,-2.41163647358859,-2.5195000315787,0.70547132556065
-0.423740535778925,-0.143904752182781,0.0713310942985091,0.958225065359412,1.67578334565429,0.601591313960269,1.34377371972989,0.650863180225936,0.5631966202125,1.4330964523045
1.3341769823194,0.336582378302608,2.72390396023183,1.28214708846003,0.555225844172309,1.13860226576907,0.983470023174312,0.429551683217996,1.84702684686876,0.422953954161214
-1.87818867852513,-1.85630832906012,-0.999779647251818,-0.424427594674142,0.191903070213508,-0.504531123486834,-0.893379740762466,-0.524744112046973,-0.728737929115961,-0.342849938822656
0.0389027996521704,-0.475378388059588,0.167285712247383,0.0853484321420584,-0.489713572731146,-1.0408763444705,-0.0848124821413686,0.315625497584322,-0.337530583685291,0.0795020804413497
-1.52113809723855,-3.25626672279236,-1.93481306674254,-2.35656820474201,-1.25454733666299,-1.58813911715086,-2.54207967129017,-1.35110470654845,-1.77221346467452,-2.36787228052013
1.83606989625742,2.56817725841808,-1.11845468179609,0.582588319737176,0.824584327508949,-0.68067228104065,1.88804663285145,1.7043770721482,0.632390416153061,2.17757250734794
5.05871390818377,0.0654155495438922,3.31754897287935,3.78968594081809,3.20607558436935,0.590179589823512,0.695507994883777,1.89706320536637,3.74553269979681,0.0143067183293066
-1.80403709838362,-0.0413078175784592,0.405463599046316,-0.737080693637891,0.324859936085936,-0.923037459877225,0.341942018472835,-0.735304035714972,-1.3405015594431,-0.0786786349984897
-0.338044823522143,1.88479209245444,1.46451687926809,0.601253117699522,0.459999204303935,-1.16572372329276,-0.579190992411464,-0.406064693305965,-0.0833106078795398,1.29273188382263
-1.59962221669171,-2.19338693540464,-0.129358233860072,0.793374524882778,-0.321489517684822,0.0640318621010436,-2.42077648325372,-0.973049039328811,-0.922707154401715,-1.34288938486458
-0.389385289511405,-0.642303365468314,-1.21679231564717,-0.473754990844373,-1.50021024395119,-0.35407233070156,0.636023784140083,-0.272871582622715,0.656106388533754,-1.42267948610182
-0.283761440228433,1.04239594809818,1.64380963452145,0.43536659071004,-0.235843922085379,0.658182701063307,1.23383340285136,-0.759517303431223,0.0461508482249901,-0.443374572994674
0.726238818602707,1.82088179449244,1.38599424155172,0.952738603564267,0.865585992341426,0.729603909675798,-1.18556102980564,1.79291772453196,0.913989847136609,1.32973657883287
1.4310264929236,-0.386300158334474,-1.12347502527903,-1.88313840120605,0.141861638323348,-0.0877382126477912,-0.00311771889405712,-0.89816508037237,1.57767952506552,-0.276218398172078
-1.7819710445226,-0.848952525803986,-0.157343354008393,-0.395962551566358,-0.528115020198923,-0.436484289811479,0.209068502371385,-2.30958468593264,-1.47976030414656,-1.37000813079668
0.2811442070679,-0.573399136481069,2.20099219437038,-0.956516150378463,-0.469766143466189,0.151086473503372,1.1421415027298,0.273538256126749,1.26280561152382,-0.445802505288742
-0.199431026213991,0.923573425820788,-0.428965940433221,-0.0402393391392309,0.485805120790408,0.843131271937399,0.23017427303061,0.605115048184616,0.402409794216206,1.99871390575509
-0.457702034423333,-1.14950964970999,0.456670370901628,0.399325803843696,0.409039360744017,1.21499057290236,-0.473766649139769,0.817742109651054,0.243163906059101,-0.935736847658104
-1.13141031862827,0.218802580939377,-0.493873262474337,0.739167924711539,-0.546016883014045,0.259195289266358,-1.97065335318287,-0.925473732392812,-0.621657981205013,-2.55605835592534
0.451410906448861,0.00375093100141899,1.05454082244687,0.367051364440464,-0.70900687762823,-0.0651278523788758,-1.61630040603159,-0.252232035342313,-1.463395987353,0.021712746593176
-0.186107771600246,0.233504316047313,-0.00461020241087873,0.937374372751247,0.86805727260024,0.107983415854917,-0.011103373887954,1.12576319635584,0.685612579162936,-1.03962440803451
1.8872835199299,-1.60974582471542,0.846388833968371,-1.72935870532509,1.34562858990024,-1.33164644115215,0.611030950658011,-0.968525981173935,-1.42059541377234,0.958463692854362
-4.21934697433928,-2.17468555195169,-1.03877923543593,-1.67424845679062,-1.79151804753256,-0.355826477950076,-2.80666214914371,-2.01963103468429,-1.83644259945291,-2.35740707666564
-1.59153887710368,-0.668897140667489,0.455228963660525,-1.32675771013655,-1.76816229200498,-0.484735066699209,-1.59492224469086,0.592303375492149,-0.308330705926821,-0.463141953900656
0.17420689726955,-0.763105404665247,-2.54103763034371,-1.57954487152309,-0.0520822053285623,-1.13780422531515,-0.28160572783448,0.151845239710513,-1.11117357432459,-1.88593939323478
-1.84531916541282,-0.8218545331947,-0.542536022701883,-1.20343287570718,-2.1161267821278,0.892679679250619,-0.290294896513821,-2.40849784308135,-3.28722185375645,-1.42007229396246
1.22469113171561,1.70673471547433,0.63659941659478,1.80900423167523,1.9927130517493,1.30174748230923,2.19701709198446,1.14334696382859,1.81595740265376,0.805810051756445
3.68707249966706,3.23234193955606,-0.162978164086161,0.66247406094107,2.23181631821632,1.34713177045399,2.95606562529282,-0.423966428717582,1.74931771813852,3.23774109774647
-3.30071647024935,-1.04382803221733,-0.173866509126622,-1.47275546019243,-2.18791858532118,0.211903322491172,-0.025631906591604,-0.904184327258131,-2.21743792802737,-0.0968891224853851
-1.92835328610106,-1.37414024924591,-0.0542419341466435,-1.54716595688704,-1.78281911939045,-0.574309703962567,-1.02629382086254,1.12992456222653,-1.2340327736608,-1.24385109333691
5.82169728221113,3.06680235771392,0.74373986992861,3.40809615010492,4.57576957238893,2.25501726883051,4.81874249793539,1.02417859117301,3.03210301755586,4.46476027129267
2.15228157620494,0.86710068890957,-0.0394439594317579,0.256393388138048,2.10633560998443,0.236948593686134,0.368021365125835,0.489637916877433,0.595675270692479,0.774933437459783
1.69276865546032,-1.78872618834579,1.98579812378376,2.59038697089772,1.89702842928712,1.03905995052981,0.147977345809168,2.27569533491872,1.56130250861644,2.29135248198548
0.501385749915937,-1.33664596017253,-0.826552581218913,0.388711921265257,0.524629616318888,-0.618969772370906,-0.171884788057914,0.711487887571817,-0.336928087653825,-0.00205184875610276
3.34656148545987,1.62560883517465,1.88788790022596,2.88771012440698,1.73997532382179,2.90080691089272,0.655528094003626,3.36952360981638,2.71296345797091,3.17910226045834
1.02785624256513,1.30099973131305,0.0509700909799611,0.987083727749079,0.79060589989605,0.709616846840445,2.0463455404034,-0.825176704438464,0.204485735702384,0.113274719621784
1.09749524503657,2.04400618911065,1.13134610068333,1.08829979678043,-0.0839917733534988,1.81711399747549,-2.17521038392787,0.97710502947268,0.376348325954766,2.41350739371341
-2.58153607386317,-1.26346358512907,0.294876442099155,-1.424990306168,-0.67304750317045,-0.493940093511439,-2.64692844620247,0.529025716299264,-0.260455382926349,-0.867110094241516
4.737101867613,1.77571625420835,-0.651447265577208,2.72890038736568,4.21952025774394,0.92797201869455,4.88485832953869,0.105810159836076,3.18883099421521,3.21533817846059
3.29449320417238,1.76521027149291,2.15011738043372,2.78659636074771,1.33173531730725,1.88504156531469,0.695885484436016,2.88360858997007,3.6172947670889,1.78873028017945
3.04521448719683,-0.859188587097918,2.03883121750367,2.58243516771167,1.11147596818197,-1.51548243902955,-0.067103904647773,3.38086614786165,3.40914488577923,2.34964562653987
-3.46023143983592,-0.250285989735591,0.119954467343891,-2.74310402725502,-1.75331284952269,-0.94065149597522,-3.01674512912993,0.40389949531509,-2.47014382122072,-0.989872956604733
-2.26498256102066,-0.238907892058101,1.07589816269916,0.193759247383198,0.327872896108332,0.9537183664136,-0.689460664724025,-0.7579410752069,-0.35884400089376,-0.0125749375121974
0.884158177126768,0.380722096806932,0.22064381459914,1.32741418134332,0.998465413596886,1.32523451337715,3.00107936553814,0.147592075965463,-0.414191128346355,0.919823331517123
0.991130996094503,1.94406077108206,0.694353540382928,2.68483447693256,0.543400748856558,0.815225246340746,0.579938490231152,2.11130016098673,1.42543479663599,-0.198643054589558
4.96911992518221,2.68234749655594,4.65128233304034,3.4856959677098,1.697178248974,2.86767902378515,0.585309670605593,3.73837118175866,2.19170956556915,2.55423337199114
2.82844647223009,0.898398970403633,1.97653346163726,2.74281688237059,1.25602099510456,1.43651778467973,-0.81589565545594,2.72195882663583,0.821572882822628,1.59129945336273
3.21116139765032,2.08087474412538,2.13033106813607,4.08850555642221,1.84509086034471,2.08927536840571,-0.904598938603186,2.17695511339371,0.232081224735939,1.37716558553801
-2.52793959340197,-1.13077114559658,-3.68554166833286,-4.11441789534075,-1.83073941648779,1.17253582671424,-0.687427660781658,-5.11106954064859,-1.4289089273669,-1.68796938550272
-0.358528050773508,0.425756507578227,-0.0495489764405691,-0.250174050462631,-0.335498906561934,0.258933967458599,-0.945219910669418,0.167316461761503,0.164795170769187,-0.549684847817791
-0.843202700376182,0.765213990698233,-2.3325005187797,-1.00773861203654,0.361505103978758,0.788711890266402,-0.387461441813012,-0.511764856551155,0.543545725812756,1.02287469009728
-1.3678375695755,-2.13237195304638,-0.879470098946617,-2.36574000984986,-1.85141961601545,-1.78999641978017,-2.80593129485387,-1.36685847737987,-1.90609203974045,-0.743596027438115
0.530275228483359,0.115837394721882,-0.711395416844102,0.645065091787254,0.450277729378094,0.746673797584717,0.736948787696529,0.368897751220819,0.271896829105259,0.223675428143663
-3.09827712082915,-2.77311923697905,-0.497193799446077,-1.65588205547957,-2.04180485890789,-0.267205579086357,-4.28165926413242,-1.04022871264354,-1.11198112042213,-3.29608364490036
-1.20999436459837,-0.19116831149207,-0.725194551136638,0.447032921356726,-0.432084798309583,-0.472643232905249,0.11599113453539,-0.0321685670431711,0.309711821274091,0.157024857719657
-4.18107336090969,-1.00508387038286,0.41889201165391,-3.04040428521075,-3.35493488517022,-2.32807008055716,-3.40001709445461,-0.292508987349407,-1.53025767719277,-3.95652517623352
0.165470313976628,0.851350330039743,-0.336150899894569,-2.0042705848378,-0.348601206980134,-1.14210245292437,1.28662209884698,1.12440657315524,0.804945730538036,-1.65459537726889
2.37859205441979,0.116260020019124,-0.121387066213697,-1.14060156127458,-1.55981093200984,1.11788567025794,-0.979696390037525,0.218724482538549,-0.206387593241267,-0.110307683370755
-0.45581877957874,-1.42850320749803,-0.475674777832775,-0.116830689853248,-0.868758177901354,-0.431298677635077,0.687859660427641,-0.178385553910163,0.325961794009151,-1.78328472958913
-2.34745125232991,-1.11361964387981,-0.0836465883962598,-0.631786504849166,-1.84597741467231,-0.0965611058527492,-1.05797257429602,-0.814650187251796,-2.25076944178091,-1.04611892933487
1.24607691415347,0.62408495384304,-0.894006842695934,0.793880699564277,0.757954420340046,0.72739875774381,0.438908293429163,0.43949931780608,-0.386776471967674,-2.3494178609973
2.16688256258064,1.41507379098003,0.415767575233929,0.166467290305045,1.65520144495014,0.11816210371273,2.12393058596195,-0.0388098022544299,-0.181101472058096,1.25027334294682
-6.9155456781189,-0.808086448563506,-4.12296224151645,-3.72582513543752,-0.579950143024776,-1.91184837609074,0.0641530378297063,-5.48666472343048,-2.19706063561969,-3.54997806750454
0.809569384399822,1.31905329469329,-1.09998180915321,0.865923366912988,0.560681994564956,0.432649043608847,2.15460947980747,0.934367322982542,1.1822726894041,0.46244316757417
-5.05623617427198,-1.26894034982636,-3.07327748740155,-3.26528017389376,-0.753652205356361,-2.58548625579272,2.42994041923408,-2.22514721359885,-1.94355556570497,-1.97463329189915
5.78798035058857,3.16757095155781,-0.974409837551433,3.99387525432086,4.27792204689654,2.16113643477082,5.57693072341265,0.414455691523398,3.72836730160835,3.92614855871236
-1.17763348702629,-0.720139773701252,0.582044551104078,-0.501190628251705,0.576940681260502,-1.79535537532892,-0.77006374805211,0.730874960854857,-2.10827306020931,-0.865032106167456
2.1688421191495,1.39706893111961,0.966191901860293,2.84096588767072,1.14474467484435,2.06592212712193,-1.24703412998001,2.35687566117197,1.09131888441978,0.762531166217519
0.934204913327229,-0.0639557964073263,0.624144982707756,-0.382603338687429,-0.277861450852946,1.18169948667431,0.805752506854319,-0.251066827905587,0.402109888435526,0.389084198799561
1.44115353564141,0.616196274608729,-0.263170841559449,1.50650809078955,0.834789753627598,0.840803064045066,0.789312631296971,1.10582580576594,-0.124196367460539,0.46821833854644
0.874177474475332,0.736187271500999,-0.438263429070015,1.32420960693196,1.32553934111636,1.26605116045472,2.36326286228594,0.471401938180838,1.38013705756841,1.67119642145689
-0.770008789661312,-0.0713448263013866,-2.95049007308555,-2.07645404013028,0.223928204289699,0.367128162353346,-0.340339861107083,0.0716453082187851,-1.93623397140881,-1.35822973070867
2.44341722784131,1.73994772176506,3.41785710290123,4.01440143230595,1.93310921784944,1.57232855469401,0.299170955205276,2.39024193139401,2.92655956620084,2.36778251532951
-4.57635690512428,-2.33460504552931,-0.540389615038439,-2.905339875371,-3.64455473079354,-0.633104156457575,-2.84012404912014,0.310246044691446,-3.24830774780852,-2.57652261859593
-0.587936115802681,0.855387764909311,0.0972500306837184,0.920984981605525,1.2511560307603,0.554288101742695,0.0776744783853392,-0.928606351681291,-0.687133926616313,-1.2799773313963
2.00233982072877,0.765087091480448,3.13118318663517,3.35075968398634,0.989482032344015,2.5612828967464,1.14226083574599,2.36404934611275,2.57820197813621,0.0440134325329244
1.37557330244449,0.00930397719995724,0.0848155931644403,0.0548107326167453,0.728765616419725,0.340990984850313,0.68278601870223,0.312191888001147,1.39613100064111,0.584314778867145
1.16989670948705,0.70323080776181,0.0721753012686193,-0.223125566079418,0.970765576271031,0.245653437474591,2.65107431552454,0.0685465976061511,1.54250711842099,1.18824843130105
-1.1548586041596,1.2924390398243,0.685417265187252,1.0052343639933,1.38328386621005,-1.10505073811777,-0.7777596733454,0.409816230602767,0.466590983644228,0.909241225956142
1.96453458497083,1.44898951879701,3.12348756906559,4.69410302285246,1.96403136277817,1.90568443002915,-0.016891561728677,2.65990854724497,2.84941041761555,2.26551495423911
0.463324281096551,0.487575755705941,1.86265384479357,5.11412990183915,2.42125009134436,1.80999500045922,1.03290472585745,3.85253321437181,2.07563107994893,1.25774676885452
-0.496947079443749,-0.120962376794111,1.00803991187135,0.620331034737607,-0.141013731170018,-2.2117304956927,-2.30203783821053,-0.278687195432321,-1.46704472026474,-0.665165319946723
-3.09705627718951,-1.70308330254158,-0.394493962772654,-1.17535371789624,-2.89922926839377,-1.12170642496435,-3.57732325707264,-0.586473870374415,-1.10417186499067,-3.08912005414045
-3.92171057041708,-3.01136030294282,-3.7301078069348,-5.21798364247555,-3.22734586481844,-2.26329734459164,-1.44275053982339,-3.27432011611703,-1.10696374449566,-1.06956667982894
0.946778247973969,-0.165191803220984,1.98012763511105,2.4897272589894,-1.42891314592061,0.507413020370381,0.0782585694369229,1.12227197789407,0.063092520717713,1.47561586306165
-0.664889270057061,-0.84578410909683,0.711198918098099,-0.530307244488069,-1.38047285874017,-1.2496363737816,-1.8808885069363,0.73548796860173,-0.197152744171326,-0.238405216637705
0.254723463025016,-0.148582775275899,0.578203717270798,-0.339922144200331,-0.168816857357314,0.624940383397643,1.39244004056479,0.14922199548352,0.20882230639214,-0.470413161833223
1.97302623378066,0.153695158943551,0.518846723938043,0.963514037255449,0.528942114880552,0.105010860872689,-0.358829254948853,0.727666477698229,1.47778931148036,-0.199535439492753
1.18862888893079,-1.05241753817491,0.316648182207016,0.0758531495345727,-0.881975720422731,-0.256139180026335,-0.288423368617622,0.136967359462601,0.463000591722349,1.46363861228685
0.677201867752493,-0.590591281632427,1.99068398345573,0.823709269074434,-0.762021288999787,-1.02973395907734,1.10537338997302,1.27758587727321,-0.349511391155788,0.00351460627389487
-4.16521061600872,-2.61683391061904,-3.15157636083752,-5.97007052644687,-2.0819199529391,-1.23763476378291,-1.90722346114891,-3.65218395542957,-1.99312476830465,-0.233389982155041
-1.62369949454999,0.300625312245744,-1.14775281068211,-1.8463296259937,1.00609219280754,0.974795888921494,-0.560710928214776,0.262318174929433,-1.269352914259,0.495213969049359
1.23606108678835,0.26694978180422,0.83961109238249,0.38538873085334,-0.599185250552403,0.538083790550755,-0.400132586888552,-0.480502525308093,-1.37219527581853,0.337530027864117
1.99913745832569,0.714369292997044,0.569009852213211,1.30858850291208,2.05280726797867,1.34088268344573,1.12862376720126,0.165424060471303,0.605213230612371,0.355036848490226
2.11800065250207,3.02711296337057,1.57744978872561,2.34778269616869,2.19184652789107,-0.500462416803245,1.8426557812078,4.81358240449146,2.17363234632201,3.77953323478461
0.819031346659542,1.66613086310781,-0.283140432763353,-1.08066579708359,1.48444754946682,-0.689051358809715,-1.19935150640674,1.82933595718572,0.653978134723338,0.44333634019106
-2.36334086114987,-2.22148737604077,-3.7196123695767,-3.1662348914561,-2.40734845132651,-0.721687598601683,0.0796772197691412,-2.63040331689275,-3.04138621221731,-1.17006740709787
-2.45988449689703,-2.48027312237059,0.260004974992787,-2.37345758940542,-0.816035370858137,-1.46826458880985,-3.60730175007186,-0.0478314504072608,-0.315652965189159,-1.6624289075478
-0.244805897532239,-0.392396420959891,1.32611795248129,1.39168032694652,-1.10863403077349,1.16467195082129,1.07328664060517,-0.434136918614059,2.01995795292519,-0.72275810284409
1.91377150013618,-0.396882531639875,0.240779932824483,1.74261338252907,0.622493121600832,-0.211797624833638,-0.198763892767891,1.01968874360017,0.332055794869145,1.11451847869885
0.33766829350225,-0.461877779736829,-0.517452325426152,0.160752557370123,1.55945120858968,-0.487136645203487,-1.03894994091275,-0.303350966641209,-0.438966493636816,-0.410377571347774
-3.60375759353029,-2.7870894994634,-1.96117338038849,-4.05306315535499,-0.920397045151482,0.387404052681786,-0.736470701575377,-2.74198231287631,-3.36121706082289,-1.59725087913442
-0.89832828060688,-0.432795116038179,-0.111737397283044,-0.808246336750087,0.0296754638774995,0.727569477843429,-1.43376907321766,1.50626867473988,-0.743804140772203,-1.14859921421666
0.699580506895011,0.930312068066519,1.32466353718525,1.75066339299971,2.51251733523452,0.406166359729081,2.93514682193596,0.721783908582919,1.45812124340449,0.466961830016255
3.42193896175964,1.84662947333919,0.397214158403792,1.64185369361546,2.91040522376615,0.573540732358998,3.1211128812971,-0.224946484832272,2.87492417710924,1.75872666484913
0.0801840410852788,-0.561189317122211,0.266032622118483,0.136027854791638,0.840380164197316,0.528577308001046,-0.555943172894672,-0.454356926258411,0.962186543901277,0.530384041643954
2.378732924186,0.655465096352839,-0.101969585070513,1.3764912986993,1.01263053214819,0.674912826410551,-1.00984629237655,2.03507784649797,1.19256582166626,0.747706729089601
3.09592540406832,0.318341206266382,-0.627669843698549,-0.748482557971856,2.19091866090788,0.407379724948927,1.95079807731429,-0.872103731343354,0.116685035038044,1.09151009943313
1.10319660322337,0.553935884866011,0.738183828935232,2.66967772746655,0.0621178125685801,0.844059527173385,1.17108383078529,-1.50960858822958,2.18909804968644,4.39886235936003
0.929406898242646,0.659261605802009,0.0767905223230509,2.06972558040065,0.299060932301741,0.498427404291374,1.29519653490352,1.46653711050867,0.322941126264491,0.587749082121061
-0.777578665539255,-0.314667575610898,-1.69793328850889,-0.73789883699289,-1.32400626745393,0.964133108198604,-0.316036824903858,-0.82425686768409,-0.737378316110499,-1.73824339860343
1.2798248944837,0.94023858969158,-1.43698151518846,-0.966883759879684,1.13666359891193,-0.928530142394215,0.633514292867936,-0.761336812716549,-0.159893996776732,-0.579618777130786
2.33038373105102,0.465349609572979,0.285155874422591,2.79287449808331,0.164799777435746,2.78413892507351,-0.000879749134043428,1.96252562717092,1.96360225634737,0.277717046608202
1.54830537403725,0.145855011942949,2.96173901864547,1.2173672615024,0.171595302901088,-0.468560423499968,-0.0247215396043812,2.19499804997063,2.89289337190311,1.68035737891489
-1.9881852080435,1.21559199941621,-1.91360593174493,-4.10265044282394,-0.708681525177436,-1.23097009832908,-1.3424064503475,-2.46337529185345,-2.76581397970737,-1.54571057916442
-2.8510336548806,-0.497536564650335,-0.0711369013832379,-1.88907104485483,-0.305482327606648,-1.98811397812201,0.910438642194543,-0.413740178999394,-2.00317175653487,-2.05511056974273
-1.32946237031698,0.918469299050242,0.373620723622804,-1.15649984736822,1.16282968863231,0.0731195859598783,1.38987575215,0.660812175154985,0.47437986239755,-0.0457405744989036
0.584907478605253,-1.11161679719102,1.04172442616462,0.173724473217749,0.257778823387913,-0.463233341883172,1.32758291154957,-0.212041577790278,-0.0792753643428147,-0.053840406080905
-3.08406973771207,-0.418858189370364,-0.763479401418431,-1.69535391332653,-0.91277414075071,-1.22383283955386,0.308274813625192,-0.672175845623497,-2.70873260273309,-1.37954209201279
2.27938047803945,-0.268318158393435,-0.637526094464937,1.13793097743085,1.54974990211524,0.0646517142784393,1.76668138108814,-1.15794838797903,1.6127966515083,1.09692777769903
-0.600861608288167,0.0447856316177154,-0.0682157556572492,1.46491462983355,0.966825449921389,0.0193619146268066,1.88326395921281,0.319864698278594,0.0713801750152542,-0.196269520417275
0.225714635454869,-0.101169788597899,0.926541854386424,0.918745842840301,-0.304425856220176,0.467293688925733,1.08271964228136,-0.705820647914356,0.0130780613156295,0.0567918922155879
-2.63540743543739,-1.74097567735063,-0.264375828442852,-2.27344415603535,-2.14305993014542,-0.0407199252671304,-3.49512380613649,-0.67386264391417,-1.21134740363334,-1.06074961085754
1.31760763909792,1.55386101540645,-1.00280791566145,2.21427475380476,1.60291034582128,0.347292740458672,2.58374500326459,0.662173503449853,0.408865650157013,1.74376851081271
0.56464657739517,0.0785780123402004,-1.31577954345495,-0.73328853134173,0.869132881537814,0.947284166072121,-0.0840625350894785,0.00451574052629028,-0.819610004395853,2.0099338220248
-1.84533989287821,-1.307249924859,-1.33174764929635,-3.99565660743958,0.230232099981612,-0.224756354512132,-0.188554791214602,0.174027704698395,0.0740216112534362,-1.30113437192859
-0.927957528174965,-0.867721224204361,0.479806647871432,-0.476873657714663,-0.667083590438322,-2.39582636544526,-1.16107206482201,-0.0813814088766616,-2.45155524188052,-0.576000151588744
0.369744242390425,0.314054124298302,-1.74326517209046,0.244779820353355,0.67492459931447,0.439804956029278,-1.10269885023684,-0.615214224439438,-0.978202501750774,0.527042689602933
-0.140052898027049,0.222588602168088,0.746051070322303,-0.774749979219434,0.122839246454645,-1.52837082293369,0.893581009556292,1.12174144569055,0.854905193159604,-0.653751457052909
0.0380362907091559,-0.00668659821624004,-0.608518001635976,-0.0255499713926074,-0.74255734355265,1.39578048691261,-0.961845563483425,-0.576699516765274,0.154635721284042,-0.884632286619377
-2.74621343332703,-1.9361519166991,0.00169249645966138,-1.77704408474742,-1.14547178952861,-0.773151043042231,-1.18767612889981,-0.501107629142491,-1.38047462472501,0.00277168758894297
-0.773920040556125,0.134746287046659,-0.397890015099356,0.19456007164756,-0.115520982827555,0.332954286226115,-1.59926694636714,-0.0995556174614279,0.9528338963357,-2.29127702327067
-2.12064128050294,-1.44886493921455,-0.934418776982398,-1.53234391860124,-1.65056491868924,-1.54009411837653,-1.68600574916685,-0.29573264540248,-0.945174472923198,1.10115082895345
-2.8183208365966,-1.8475023274454,-1.336953329914,-1.90446950536127,-1.6232862781526,-1.18514658946201,-2.99293055275942,-1.06328180123424,-3.13609694839386,-2.00803890550367
0.877999053822051,1.89083353096092,-0.979160297823172,-0.600516077902639,2.25500815720298,1.5007352151321,-0.80161298598383,0.494552359333188,0.780170147412045,0.574557971074037
-1.14072007963368,0.70774185889618,0.824771505842357,0.692902466093085,0.146404529678108,-0.647882887880735,-0.864584233632256,-0.664040212090052,-0.743169323328954,0.00501010823459147
-0.534957235297263,0.189922747246039,1.97511428102897,0.966153838221266,-0.575300136541139,-2.06491014155612,0.0208887546445417,2.2526546287074,0.957913919603021,1.60584966138286
-0.334189499673213,-0.377305456794036,-0.273506608074099,-1.58203962336854,-0.200644664523244,-0.363082257182574,-0.98608353755322,-1.44754995651893,0.260098499355042,-0.634968277911503
-3.18362468775519,-3.17011127205062,0.370208420148384,-0.485092787071447,-2.30203973146369,-1.09986594189547,-2.3385377256035,-1.81837013560884,-1.44882056970413,-2.66986064157035
3.00454641328798,-0.373494819584224,2.33279678956004,3.67480900174397,0.348737537907896,3.24834905685886,0.444414545987512,3.99921319002664,0.626885631867361,0.281115619607354
0.685517874019686,1.64306461466836,1.28345672913149,1.6578227272108,0.863499378340189,-1.28671083814331,0.502725822333976,0.213132635194379,0.0944487493409897,2.05687402408321
4.2205863932742,2.49697592735413,-0.486620442766077,1.21600238126577,1.87240984656437,2.16666993664593,2.08734983238662,1.29922406161569,1.11855334081616,3.04609277817342
-0.0073851056807385,0.730619494010549,0.0990310838805346,0.486319454557947,-0.243911821102097,2.40699189098708,-0.175854489647964,-0.0279132119605587,0.0595349972121086,-0.936110091231426
0.00994609068302563,-0.562373850303974,0.891756758589387,0.550582187151884,-0.224333464060793,1.64813430536501,0.528583507805273,-0.777640351305943,-0.428867348204957,0.0493176107559075
-0.353846032231319,-0.559315569251649,0.9833796102022,-0.537531183119818,1.38027613103236,-2.39146695417626,-1.02438512599548,-0.659028901177599,-0.0335122393492264,1.10512979645137
-3.38757100316435,-1.40273679044556,-2.24467553175658,-2.53828952478348,-2.94821347551962,-0.361267245036203,-0.254221126381793,-1.91509590295306,-1.51337214043864,-2.62347285887575
3.49682737648274,-1.46413938158317,3.98027816190056,2.14035411415264,2.21267312964407,0.876348755150122,0.976687090676232,2.5998257742193,2.57819060751712,1.8354060110473
-2.88598625098424,0.58799800385219,0.0501415337741824,-2.7782519581288,-1.45114600062451,-0.174957590973249,1.07383176849115,-1.07462794581282,-2.35327996770033,-1.70909877121233
0.215779547675078,-0.922071781943966,-0.0685936113637904,-2.2737131551615,0.0768892353841115,0.371294550403125,1.79377031619215,-3.91160102597725,-1.60233713849874,-0.0287451291054011
1.18591601644861,0.117332598527839,-0.614128358757514,0.0288177905796424,0.257838978099692,-0.654995866939144,-0.171931429097707,-1.44197532389043,0.275608625600092,-0.74726099419413
1.5782822297473,-0.701195936625912,0.0278808607896573,-0.0878336891169111,-0.849782690098277,0.432931940688913,0.33427232022589,1.51454316252517,-1.21702590558457,1.42020494709335
0.791161590856933,0.481816429123943,-0.703391752856536,1.23746548798111,-0.219938173238747,0.277122789635856,2.0965324223895,-0.823775915983622,0.284498221594531,0.315686422803353
0.234307946244609,-0.340917744182931,0.430794384818193,-0.428148262485266,-0.840590775418886,-0.681225584288118,-0.618624742404664,-1.54054114198755,-1.41864789138144,-1.54921867557309
-2.49390220964924,-0.535392353745667,0.0248412890886869,-1.62102007390338,-1.16261838595373,-1.06220476712369,-3.3086994999151,-1.57551900068012,-1.32745832015792,-2.87602892760718
0.669935418568891,0.117044419056473,1.44194544068958,-0.523119511510647,-0.91809277129126,-2.31618271613019,-2.30173132001824,1.01507010617296,0.233677929478877,1.31546947575844
-2.47015295097826,-1.30048321069016,0.683677718969176,-0.224407293714199,-2.041035435272,-1.67914484710418,-2.32566461233586,-1.00507217884999,-1.33023044490456,-1.61741160127107
1.77633948810905,1.96210191886875,1.84730134237932,2.48785656716889,1.79680859911702,0.0574494765388159,1.24772560136881,2.29328349197577,-0.902028301501582,3.20773288935657
-2.71111306284235,-0.49357271246893,0.790991711693596,-1.02329385590234,-1.69409793207994,-1.04171409745918,0.28553643608428,-2.0805345316282,-2.52031499246508,-1.15377356869257
0.218629861438582,0.984105422616747,-0.0507823671310177,0.252744788198596,0.597168010454294,-0.525182480756618,1.25720231502778,-0.143931692553778,0.821124638337908,0.254843160914645
-0.68722839773743,-1.28840189713618,-0.189868191927726,-0.357901990660569,0.43383266266509,1.19259140135626,-0.36856073346117,-0.210784423133818,-0.983671614623133,1.15048547140583
2.17479207374242,1.21184962447009,2.60767852937134,0.48320039190278,0.496584269536685,0.566524120039392,0.612064100200215,1.26227000370354,0.0826274382811576,0.779521778110415
1.61101895040252,1.60917732051195,-1.19695691721754,1.17394019156945,0.782838534643114,0.280922859962113,1.96002358473928,-0.623825717093665,2.55180726305899,2.01577793825572
0.276787301776782,-0.269606574455516,0.413460447637187,0.641656036863806,0.355128386460945,1.89260722970108,0.690277796126757,2.67095669247362,1.96312957222602,0.540023233142704
-1.43300107613984,-1.33492337121362,0.406303887162678,-0.635185665253174,-0.132108062711384,-2.26470336785084,-0.288808367218911,0.642308321162184,-0.204009287512992,-0.56488484820128
2.53005183154131,-0.424232119237442,1.0873149550304,1.75976927756161,0.824496183566063,0.800506572842737,-1.33105981549273,2.24707856352293,2.02934759309507,0.513335118798704
1.50884109513537,0.985144486875724,0.339990330533869,1.13037243508612,0.82243135991964,-0.0160496134539704,0.773459323028464,0.877095213561873,1.62477086130821,0.747017072651053
2.46739300667343,1.13174483637032,0.6980148131475,1.30781118551389,2.12320835159019,1.73223909096289,3.33821836656046,0.828557601539189,2.62493410851547,2.41369746649994
-2.55935487607169,-0.495891268278565,-0.793053405357976,-0.609035668261517,-0.706510556673625,0.0155604305664444,-0.349094811358448,-1.96714086407843,-1.87539633022495,-2.12616050460195
-0.653215259952821,-0.614966038315375,1.40832033620375,-0.77883217908112,0.145405052208011,0.0151324075130941,-2.0293448639964,-0.550193557448441,-0.987159175082392,-0.452136553692833
-2.19446239972794,-0.705397115660787,-0.988061847225786,-0.96664004954202,-1.73039391648897,-1.69048653476245,-1.33633627995527,-0.0452802614147576,-0.818814813861808,-2.81977343154641
-0.298351084507093,0.145260387825406,-0.665667608765095,0.381352748453175,0.143171985256738,-0.663756652237749,0.646623338128437,-1.3026618721685,-0.277996989498717,-0.10337911099057
2.41144720079711,1.77850049646321,1.88605137166026,2.12598749990252,1.29997439810802,-0.300474184469399,1.10691462850995,2.25922765505442,1.75172367057482,1.05742340871306
-0.0672759619045169,-1.64190769010549,-0.545680640336452,-0.848900808184757,-0.069053776440744,0.378514806589185,-0.582004599712106,-0.25659270262438,0.444155375389536,-0.194108232365072
-3.3914634103094,-1.6019537570854,-0.306650535535093,-0.385349031979531,-1.56265448371499,-1.45458048797975,-2.69737127910009,-0.0429906079738485,-0.654072336217321,-1.15661180635416
-1.75793338685346,-1.04843698916882,0.0715728118140389,0.446509562541045,0.582516280870857,-0.783078051581641,-0.109202905361087,0.316856462830941,-1.08244182818143,-1.16916855106258
-0.730921527309009,-0.633354616470584,-1.88143081345788,-1.16656996651952,-1.06893790976107,0.0345884170790919,1.48446841268926,-2.94645269167282,-2.94368427368648,-0.255072921565519
-6.0707026924006,-3.78721323977409,-0.71490925047952,-3.57764925449669,-4.43790708346994,-2.83381895721156,-4.47682771302035,-1.36666098494675,-2.84941846051066,-5.36462584728356
1.98764619930424,3.08462952130164,-0.445388250310472,2.04440378501181,2.13213496256287,1.18866075707699,2.91627307420993,0.84074584858268,1.72032775890097,0.990223274505802
0.952848724499922,3.06449437926446,1.11981676260892,3.43717405645573,0.825080413543528,1.8164130719545,0.034711635081653,4.83934502027228,1.06028668361885,2.74806834924504
2.3432693642759,-0.274972796729572,2.53379025669688,1.56161180505313,1.64564387366251,0.151856738604987,-1.52063581231721,0.242313246262841,0.732472285768785,2.13174717702093
4.0994719799395,1.5942058949246,4.64451150608999,3.09160817094393,1.22064562340632,1.55857429039802,-1.03798076733471,2.60960115939849,1.96786483240869,1.71766563542811
-0.875482177943028,-1.34561801366072,0.109618415423476,-1.29983964188304,-0.911611865098943,0.0362078846901038,-0.41399731126267,-1.51238226365281,-0.0399180030808968,-0.754722997528704
1.85431244578339,1.74235545534966,0.16683183589166,1.68135877581773,0.666764237981143,0.594360514134431,1.84036482156512,0.301602127635613,0.685596032694812,2.05446115501414
1.18972034119133,-0.192942675265747,0.555084969490425,0.41213504187672,0.898608952985634,0.358169992548281,0.340882680328754,0.128746057899482,1.58170499417137,-0.965966749260595
0.145641950768066,-0.345580674784679,0.527332431433569,-0.200511098786812,-0.939988387090747,-2.24603069946425,1.09472010729484,1.27626284884095,0.150981635046771,0.161145797633387
3.6488757051352,1.32165893712302,0.0944990494239118,2.3261449211312,2.04010509957533,0.697411167040985,3.72982350905029,1.22773934740412,3.64694841533065,2.61755898108352
-0.162296979268336,-0.29054656939188,1.21885738900746,-0.85885050988,-0.734775969915585,0.0463392697918506,-0.0156654542330862,-0.726400545883404,0.310605753602663,-0.780027066456369
-2.0503261915279,-0.843394485487238,-0.701414601403769,0.224844584764643,1.43355214309997,2.03035486726683,-0.65855844076272,-1.33776431259065,-2.50927655867908,-0.28843538567696
-0.626011180397168,0.431001834376486,0.160665802590618,1.19157997713621,0.859075846602347,-0.727113818744097,-0.181671039570812,0.700025923739499,1.24983280171185,0.672003512778785
-5.45993663670699,-3.0400305552213,-0.60882292320463,-2.22116691854925,-4.75193686721424,-2.26797522411941,-5.15778249951419,-0.068249909347621,-2.74231609225246,-4.12480371522517
-2.80870428254481,-1.64497797915044,-3.20120141999591,-2.95258410989825,-1.72033119535546,-0.971011157293952,0.0279872178225957,-1.78121124877749,-1.64885166329136,-1.09232747774999
0.285188644663435,0.817211158874817,0.269097693084858,2.49250991178098,0.787636586882107,1.42744429101183,-1.76336007463925,-0.497279091051766,0.53979409109219,0.0493860149688629
-2.62338962437895,-2.54055928932791,0.753173531857292,-1.4021419890887,-2.42787375763598,-1.66836581700701,-2.68467857977441,0.13019749381407,-0.800152674056453,-2.33635075639153
-1.29310482001255,-0.81724789739133,-0.217167913828901,-1.19527441523391,-0.647606546277923,-0.335893920118801,-0.00969256218175762,-0.68718108350718,0.811784916356916,0.218647488761106
7.46113712072065,4.76084589389895,7.3611313427355,6.40196380732558,4.0678170033413,2.63015629579212,1.8151689846974,6.8083039256207,4.52532307501234,5.62800691058696
0.955664621769234,2.17128010188489,-0.194501836414195,-1.41059748661261,0.829537595524222,0.349140910433704,-0.6718478633427,-0.478865466262928,1.43062207751168,1.16961998561975
-2.44392121673113,-0.730484555886849,0.0602278299243632,-0.157755184050024,-1.07592847689337,-0.465230498474154,1.76273828898676,0.0875308174100237,0.652104669005344,0.0975758776201904
-0.89514084949433,-2.40235598543587,0.350436591108893,-0.566239621916679,-1.08853985747764,-0.558479406813268,-2.1727241996873,1.60856143281231,-1.68648408437807,-1.54505191332846
-2.00051988322803,-0.997821935893361,0.531639927990628,0.158341204347018,-0.885476637407133,0.299743928284362,1.57639463928122,-0.156721974761481,-2.38583952345989,-2.07016718053677
-0.811130240343196,-0.165395555869277,-3.21535002232684,-2.57820967233544,-0.198661618375593,-0.442891816393326,-0.21175314724364,-0.272874275776384,-2.58044360735628,-0.961655738168607
5.27713638629541,4.41077393581407,0.284016998232986,3.56772550889184,3.31447082909332,1.22599826155896,5.45556576170963,0.97825954175511,2.68514716887929,4.25448936287466
-0.165915236578108,-0.175484479046719,1.5213341150438,0.451515261973309,0.0208688360329172,-1.226869266897,-0.0878511499113373,1.50078576870458,-0.921139178831538,2.05074675949953
0.00921246470475312,-0.775869165366102,-0.857978238007827,-1.51748813535568,0.00179970338299384,1.12217379431993,-1.38370476321398,0.827166470178175,-0.789451229330923,-1.00957246434932
0.682972756216448,0.665802727633275,1.02916873295048,0.627085167640018,-0.374566133666814,-0.10682748708907,2.62827787501169,0.310161329826177,0.789271492759354,0.266893289753003
0.825746112723987,-0.196066304036684,-0.751394589255826,1.32224804733762,1.25133761171889,0.713012191685336,1.50398758782063,0.890484975918848,0.0223161898501232,0.106817803802996
2.47832463826413,-1.32047004139969,0.360364971284538,-0.196772745498608,-0.692864229933515,1.55440342329916,-1.94556926171831,-1.08146186437406,0.508028556911313,0.135315942760112
0.664952646390418,-0.172329285368006,-0.425388144335165,1.91318523102633,0.879687750928392,-0.727205609472009,0.847536506984503,-0.968582596398282,1.74677311062101,-0.61652797159163
-0.445563482374473,-0.873708021773098,1.10287485047717,0.378648393209179,0.828219712842821,0.510489056832706,1.77816634765082,-0.0378778418638657,-1.25682853181071,0.662826373576115
0.889886736016283,-0.916630475416185,-0.45016439528987,0.560898246465368,0.996180592153066,0.629452809812031,0.602156386370452,0.547851100231643,-0.55514627008785,-0.72280057791486
-1.39094370618017,-1.25748537577413,-0.249430777089437,-3.54534659488682,-1.94713321735883,-0.829818571157662,-0.112649334912338,-0.441972203419984,-3.39673993517194,-2.74261080591985
-1.1166547310552,-1.45945880468633,-1.56542916230851,-1.23475767218751,0.0393609971875228,0.881024838160387,-0.681411175312216,0.0208142006010527,0.676210343750671,-0.456670934134665
0.167153254956527,0.721571903665384,2.81127202092092,2.62421226854326,1.17450280669134,1.86012555945926,-1.7617895134512,2.96419949415372,2.95517099328422,1.85033474364243
3.54401205917479,1.13549145000492,0.96528712559989,-0.243965525828051,-0.713855190538202,1.72479880995973,1.17817494769783,2.07529119987705,0.514128842106912,0.73266191592649
-1.31509572031499,1.53952345115188,-0.809284223923218,-0.135751905876529,-0.315346333498111,-0.719744008547464,-0.346877414582146,-1.78312064782319,0.156130823536275,-0.406643988615671
-3.5291133404325,-0.972865357324752,-3.2811937612721,-1.99101302238443,-0.459957693083015,-0.217007114064936,1.4749331128843,-1.58087181196335,-3.37501361751504,-0.972232910933365
-0.223427546538477,1.03023594039776,-1.05749320550522,-0.321931248765143,-0.770535680839393,0.06307618615776,0.848302778718812,-1.12864244984572,-1.56651656225789,-0.415954931785058
-0.427699312845396,1.1520368022169,0.435382496529283,1.23447114585609,-0.21276402596105,0.396955989575477,0.472650194871406,0.663732684586618,1.16932596136051,1.19162472116534
-5.37258715729833,-3.97460989670128,0.109807939386629,-2.82838239024773,-3.97287834839584,-2.90976196498086,-4.3364525119338,0.291726160214493,-1.06341654925331,-3.64200238714508
-4.00239983082447,-1.0673254743211,-2.87929348870071,-2.9959882453695,-1.00024817135009,0.797208540027026,-2.1681485953098,-2.46431753871927,-1.97378593503726,-0.787634274645166
-1.60668717264362,0.114122743444472,1.75401173393392,-0.433318705934972,0.0871532878250282,-0.442151813066961,-1.39257692799538,-0.0183656657294423,-1.28918697772584,-0.786685534037144
2.27337105087954,0.54744534270451,0.0695368212546963,0.976177519402478,0.816445665419407,-0.781919608619137,-0.290936624199193,0.892013465248732,1.4659328843672,0.120646816452447
-0.623015628302354,-1.4573375588203,1.29193167337471,-0.226686290562612,0.448961167223648,0.506137582444446,-0.869640887580351,1.12755536592564,0.338252214187352,-0.331618124314199
-0.789647720480092,-1.89994500124183,0.215016787648272,1.80962295409594,-0.576710115133662,-1.23689995225834,-1.96554670070164,0.362814023995656,-0.29238517355847,-1.38448430581836
0.545396707002006,0.106496522961935,-0.213031908847587,1.0780706961093,0.101098590538535,1.04926861201954,0.425744669705273,-1.2208311485714,0.0503158137295657,1.00757592635425
0.365940326921126,-0.159524114352021,-0.556261391086862,3.00545758541717,0.271095807657092,-0.81584058122876,0.393696386584546,0.81040430730731,1.13611252327165,0.0553534783269114
2.48417925051113,-1.11546464234618,0.548547170901441,-1.08595520231003,0.985481134295247,0.263649092420786,0.430244783564336,-0.565569482193839,-1.47255113698838,1.40409606929873
-2.62086736943056,-1.54448309627273,1.51060301832926,-2.00291739170594,-2.33142178309212,-0.613744049990598,-1.08108114669782,0.185363093381467,-0.450662949891534,-0.763625056502952
-0.764376167644067,-0.233590445623922,-0.0636279035678051,0.796427819951661,-0.562203213882781,0.554405056148871,-1.47108822174585,0.174905484996399,-0.236792131965433,-0.08313111743109
-0.777518243049812,-0.869003508960385,-1.36516495449426,-1.26034001126402,0.00399721179498225,-1.65864438490879,0.263958499017614,-1.60130833351252,-2.7904065711405,0.0646134245461676
1.01528928923646,1.06993325219146,1.12835906784627,0.78750672062078,1.21077103007171,-0.667997591774937,0.34609892716228,-0.683822574670249,0.30710405835578,0.415443579464467
-3.69320948595405,-2.2975007925798,-0.269273368323627,-1.70911199658099,-3.13287959123088,-1.40314362040213,-3.59319066224463,-0.339661135075483,-3.01014605400743,-2.52911797305204
0.63740359402863,0.353149091769922,-0.225340293663612,1.46671544505617,0.0180057117468856,0.80176578924277,1.38045399526208,-0.355895672898515,-0.0875633088410406,0.0263987346903283
-1.54717736654333,0.916606213912879,0.754498204605879,-0.47378290369952,-0.097169307831279,-0.465386257432533,-0.180995700134684,-0.213516354122406,0.174377397565115,-1.86699791108595
0.430606769822295,0.688591622525817,1.04591414620101,0.863993760462702,2.13941401257354,0.269419818783569,0.291816480841708,-0.0507262806097431,0.492945955165997,0.756363366089175
0.122450285744056,-0.0150094431808817,-1.12913131422391,-0.762923775662042,0.47204643869471,-1.52930042549771,0.10999491870381,0.206752672890702,0.445617130386556,0.226933288077435
-1.46297257296008,-1.92604237509235,1.02252051247632,-1.69319884695662,-0.0454090359510594,-0.150402683263621,0.913132446472047,0.187131633632258,-0.668400080292675,-2.76123026156782
-0.191710999647819,-2.54798366143987,-1.96626924997549,0.909136078749693,-0.194789588363378,-0.0256891238356603,1.06003587972518,0.0996380262982072,-2.88415265594722,-0.660226554485651
-2.04393672286474,-2.47511337863615,-0.377890074540671,-1.76368997650292,-0.104600847933666,-1.14200616237851,-4.02539772622775,0.0623589146400183,-1.58301198553697,-1.53924041036203
0.131370976671898,2.20085061288748,-0.319208283910529,1.22685008018736,1.01695676942703,0.498096085500385,1.38017577817592,0.209993508062012,0.567660095387691,0.650155818482009
4.48009615321554,2.56411792531335,5.74940966026075,4.71303868184875,2.65567846941555,0.629721090319661,-0.292810168735976,4.38674747699201,4.93411199830712,2.57461619890432
-3.52041431930813,-2.00110821976894,-3.71925279255762,-3.86946641540162,-1.43101946770459,-2.13393838698326,0.91194844157887,-5.62389844167168,-2.96684126736723,-1.47045739869925
-1.30863681416701,-0.885540130779747,-0.597268222227401,-1.74259298454413,-0.766211175925801,-0.944857128006884,-2.30372795390313,0.0272800773932199,-1.19657688479658,-1.45658589177487
1.77277982205728,-0.228439769981621,2.91628223278608,2.89993705280465,1.33812428983764,0.657679003733569,0.868748989668101,1.58254028267161,3.37176189078979,1.68231300510858
-0.815822708200256,-1.07583308460711,-0.277472962171506,-0.943919150824768,-0.496438409115227,0.0807064082410104,0.788534004645167,0.485435803445327,-0.625305097038017,0.536967775199243
3.13228043255425,-0.25553192066305,4.0693981283658,2.65716380732436,-0.0605095090759349,1.58742452119673,-0.346550199361181,3.68138309263427,2.61114652219048,0.32539804716011
-1.26715777835018,-0.899509039409049,-0.499384576550156,-2.70309698504268,-1.45511298108043,-1.25486201025855,-0.711668122205451,-2.47771719410276,-0.459770347806755,-0.134275269093689
-4.57846843439728,-2.2544859559823,-3.120301074897,-2.87800580069434,-2.45021731055934,-3.24216212565824,-1.73205622153367,-2.16634599219896,-3.28294041991602,-4.10335226963307
-0.655698829292954,-0.78828695494521,-1.53335263260085,0.677965687013138,1.48632636856844,-0.632386023284648,-0.156193404366981,-0.817927880253113,-1.10303461294465,1.04843280584493
5.89098731547614,2.36608407308253,4.87625087813565,3.34132663294979,1.71712730951071,1.31753498006408,-0.107594057280983,6.14146300383941,2.71330328844415,1.58258807117682
0.275723771392366,-0.459899904260443,-0.586745716906223,0.146712736129071,1.52586479233679,0.300335472892362,0.843809807188474,0.196657347330726,0.0490119264113389,1.54332208877644
0.627470285590805,1.90610866742634,1.20043953699748,1.46181937277145,-0.328380066881571,-1.4513153717639,0.541598541788746,0.082969934839808,1.0379488328703,-1.71661662413134
-1.29010157652694,-0.672813864463513,-0.108599665826377,-2.33737054268444,-0.194290677781242,-1.63774471104577,-0.891415294428425,-0.654239912264457,0.708422914319316,-1.50142228875471
-1.65005148491714,-1.23586975289094,1.12875505471953,-0.849391421416121,-1.8495493011976,-0.529344841926291,-2.71636872672752,0.321049738231992,-0.589431354049897,-1.16550611187802
5.52671726948568,5.54824972349243,-0.0685394063528996,3.04073411767448,4.45366410507451,2.44071661268015,5.19930731819264,0.528034623826443,3.07670021393477,4.71779153651125
1.41265238342488,0.907735070168164,-0.353693239213404,-0.168163378499919,-1.03058792221249,1.29091333470765,0.137360018300074,1.07408848739084,-0.885748936179712,-2.25824027158019
-0.552667008663806,0.298687722832374,-0.166210830005404,0.621734012583676,0.151589135835814,1.06292657683157,0.399104744860807,0.871336424946688,-0.473951498793317,0.62935649367939
0.240528244511776,-0.108155428213409,0.269830003805404,-0.25107894713639,0.102344116993544,-0.143515161673427,1.58477014277409,0.531621723728446,0.131413444463958,1.84049763982218
5.59211103057353,2.32409159448991,2.3478964445033,5.58842418355598,2.62629995308524,2.91531557306154,0.76673794897824,4.24716308631821,2.98636691797756,1.46959375515768
0.059489997466071,1.62056161554981,-0.737786908495574,0.31340927815049,0.475804714523823,0.838873656265665,0.697455324955405,0.422204615595562,0.93889646868606,0.110204259707408
-0.344618757850746,-1.17007637394376,-0.920198819658169,-0.46395714752591,-1.77849731789547,0.344410167464668,-0.748710020694184,0.386458431419745,-1.11717546038831,1.19160903044503
0.249658714462486,-1.37373608321014,0.638812340573173,0.374392191537096,0.620064486774249,0.39757165673502,0.901818555069417,-0.60050085246406,-0.349050303007646,-1.73983007360247
1.283159284512,0.315177580825878,-0.37606745373745,-0.85180129279099,-0.842975159984965,-0.255800730325973,-0.486896212269868,-0.0354057567894084,1.00778621314705,0.535283303675312
1.90176271063397,1.18749237172207,2.57179782981464,3.00492265827214,0.180142986759209,0.211213139883172,1.05491327700526,0.29075248595846,0.858529743646556,1.04240640738547
-0.675135830739697,-0.0922798902399327,-0.741203808480647,-0.180505808846895,-0.289272059613084,-0.376175374220719,-0.113754264706961,0.339080065327842,-0.589128195267196,0.648643239157801
